Number,Name,Code,Emoji,Hall of Fame,Comment
â„–,CLDR Short Name,Code,Browser,,Comment
1,grinning face,U+1F600,ğŸ˜€,,
2,grinning face with big eyes,U+1F603,ğŸ˜ƒ,,
3,grinning face with smiling eyes,U+1F604,ğŸ˜„,,
4,beaming face with smiling eyes,U+1F601,ğŸ˜,,
5,grinning squinting face,U+1F606,ğŸ˜†,,
6,grinning face with sweat,U+1F605,ğŸ˜…,,
7,rolling on the floor laughing,U+1F923,ğŸ¤£,*,
8,face with tears of joy,U+1F602,ğŸ˜‚,,
9,slightly smiling face,U+1F642,ğŸ™‚,,
10,upside-down face,U+1F643,ğŸ™ƒ,,
11,melting face,U+1FAE0,ğŸ« ,,
12,winking face,U+1F609,ğŸ˜‰,,
13,smiling face with smiling eyes,U+1F60A,ğŸ˜Š,,
14,smiling face with halo,U+1F607,ğŸ˜‡,,
face-affection,,,,,
â„–,CLDR Short Name,Code,Browser,,
15,smiling face with hearts,U+1F970,ğŸ¥°,,
16,smiling face with heart-eyes,U+1F60D,ğŸ˜,,
17,star-struck,U+1F929,ğŸ¤©,,
18,face blowing a kiss,U+1F618,ğŸ˜˜,,
19,kissing face,U+1F617,ğŸ˜—,,
20,smiling face,U+263A,â˜º,,
21,kissing face with closed eyes,U+1F61A,ğŸ˜š,,
22,kissing face with smiling eyes,U+1F619,ğŸ˜™,,
23,smiling face with tear,U+1F972,ğŸ¥²,,
face-tongue,,,,,
â„–,CLDR Short Name,Code,Browser,,
24,face savoring food,U+1F60B,ğŸ˜‹,,
25,face with tongue,U+1F61B,ğŸ˜›,,
26,winking face with tongue,U+1F61C,ğŸ˜œ,,
27,zany face,U+1F92A,ğŸ¤ª,,
28,squinting face with tongue,U+1F61D,ğŸ˜,,
29,money-mouth face,U+1F911,ğŸ¤‘,,
face-hand,,,,,
â„–,CLDR Short Name,Code,Browser,,
30,smiling face with open hands,U+1F917,ğŸ¤—,,
31,face with hand over mouth,U+1F92D,ğŸ¤­,,
32,face with open eyes and hand over mouth,U+1FAE2,ğŸ«¢,,
33,face with peeking eye,U+1FAE3,ğŸ«£,,
34,shushing face,U+1F92B,ğŸ¤«,,
35,thinking face,U+1F914,ğŸ¤”,,
36,saluting face,U+1FAE1,ğŸ«¡,,
face-neutral-skeptical,,,,,
â„–,CLDR Short Name,Code,Browser,,
37,zipper-mouth face,U+1F910,ğŸ¤,,
38,face with raised eyebrow,U+1F928,ğŸ¤¨,,
39,neutral face,U+1F610,ğŸ˜,,
40,expressionless face,U+1F611,ğŸ˜‘,,
41,face without mouth,U+1F636,ğŸ˜¶,,
42,dotted line face,U+1FAE5,ğŸ«¥,,
43,face in clouds,U+1F636 U+200D U+1F32B U+FE0F,ğŸ˜¶â€ğŸŒ«ï¸,,
44,smirking face,U+1F60F,ğŸ˜,,
45,unamused face,U+1F612,ğŸ˜’,,
46,face with rolling eyes,U+1F644,ğŸ™„,,
47,grimacing face,U+1F62C,ğŸ˜¬,,
48,face exhaling,U+1F62E U+200D U+1F4A8,ğŸ˜®â€ğŸ’¨,,
49,lying face,U+1F925,ğŸ¤¥,,
50,shaking face,U+1FAE8,ğŸ«¨,,
51,head shaking horizontally,U+1F642 U+200D U+2194 U+FE0F,ğŸ™‚â€â†”ï¸,,
52,head shaking vertically,U+1F642 U+200D U+2195 U+FE0F,ğŸ™‚â€â†•ï¸,,
face-sleepy,,,,,
â„–,CLDR Short Name,Code,Browser,,
53,relieved face,U+1F60C,ğŸ˜Œ,,
54,pensive face,U+1F614,ğŸ˜”,,
55,sleepy face,U+1F62A,ğŸ˜ª,,
56,drooling face,U+1F924,ğŸ¤¤,,
57,sleeping face,U+1F634,ğŸ˜´,,
58,face with bags under eyes,U+1FAE9,ğŸ«©,,
face-unwell,,,,,
â„–,CLDR Short Name,Code,Browser,,
59,face with medical mask,U+1F637,ğŸ˜·,,
60,face with thermometer,U+1F912,ğŸ¤’,,
61,face with head-bandage,U+1F915,ğŸ¤•,,
62,nauseated face,U+1F922,ğŸ¤¢,,
63,face vomiting,U+1F92E,ğŸ¤®,,
64,sneezing face,U+1F927,ğŸ¤§,,
65,hot face,U+1F975,ğŸ¥µ,,
66,cold face,U+1F976,ğŸ¥¶,,
67,woozy face,U+1F974,ğŸ¥´,,
68,face with crossed-out eyes,U+1F635,ğŸ˜µ,,
69,face with spiral eyes,U+1F635 U+200D U+1F4AB,ğŸ˜µâ€ğŸ’«,,
70,exploding head,U+1F92F,ğŸ¤¯,,
face-hat,,,,,
â„–,CLDR Short Name,Code,Browser,,
71,cowboy hat face,U+1F920,ğŸ¤ ,,
72,partying face,U+1F973,ğŸ¥³,,
73,disguised face,U+1F978,ğŸ¥¸,,
face-glasses,,,,,
â„–,CLDR Short Name,Code,Browser,,
74,smiling face with sunglasses,U+1F60E,ğŸ˜,,
75,nerd face,U+1F913,ğŸ¤“,,
76,face with monocle,U+1F9D0,ğŸ§,,
face-concerned,,,,,
â„–,CLDR Short Name,Code,Browser,,
77,confused face,U+1F615,ğŸ˜•,,
78,face with diagonal mouth,U+1FAE4,ğŸ«¤,,
79,worried face,U+1F61F,ğŸ˜Ÿ,,
80,slightly frowning face,U+1F641,ğŸ™,,
81,frowning face,U+2639,â˜¹,,
82,face with open mouth,U+1F62E,ğŸ˜®,,
83,hushed face,U+1F62F,ğŸ˜¯,,
84,astonished face,U+1F632,ğŸ˜²,,
85,flushed face,U+1F633,ğŸ˜³,,
86,âŠ› distorted face,U+1FAEA,ğŸ«ª,,
87,pleading face,U+1F97A,ğŸ¥º,,
88,face holding back tears,U+1F979,ğŸ¥¹,,
89,frowning face with open mouth,U+1F626,ğŸ˜¦,,
90,anguished face,U+1F627,ğŸ˜§,,
91,fearful face,U+1F628,ğŸ˜¨,,
92,anxious face with sweat,U+1F630,ğŸ˜°,,
93,sad but relieved face,U+1F625,ğŸ˜¥,,
94,crying face,U+1F622,ğŸ˜¢,,
95,loudly crying face,U+1F62D,ğŸ˜­,,
96,face screaming in fear,U+1F631,ğŸ˜±,,
â„–,CLDR Short Name,Code,Browser,,
97,confounded face,U+1F616,ğŸ˜–,,
98,persevering face,U+1F623,ğŸ˜£,,
99,disappointed face,U+1F61E,ğŸ˜,,
100,downcast face with sweat,U+1F613,ğŸ˜“,,
101,weary face,U+1F629,ğŸ˜©,,
102,tired face,U+1F62B,ğŸ˜«,,
103,yawning face,U+1F971,ğŸ¥±,,
face-negative,,,,,
â„–,CLDR Short Name,Code,Browser,,
104,face with steam from nose,U+1F624,ğŸ˜¤,,
105,enraged face,U+1F621,ğŸ˜¡,,
106,angry face,U+1F620,ğŸ˜ ,,
107,face with symbols on mouth,U+1F92C,ğŸ¤¬,,
108,smiling face with horns,U+1F608,ğŸ˜ˆ,,
109,angry face with horns,U+1F47F,ğŸ‘¿,,
110,skull,U+1F480,ğŸ’€,,
111,skull and crossbones,U+2620,â˜ ,,
face-costume,,,,,
â„–,CLDR Short Name,Code,Browser,,
112,pile of poo,U+1F4A9,ğŸ’©,,
113,clown face,U+1F921,ğŸ¤¡,,
114,ogre,U+1F479,ğŸ‘¹,,
115,goblin,U+1F47A,ğŸ‘º,,
116,ghost,U+1F47B,ğŸ‘»,,
117,alien,U+1F47D,ğŸ‘½,,
118,alien monster,U+1F47E,ğŸ‘¾,,
119,robot,U+1F916,ğŸ¤–,,
cat-face,,,,,
â„–,CLDR Short Name,Code,Browser,,
120,grinning cat,U+1F63A,ğŸ˜º,,
121,grinning cat with smiling eyes,U+1F638,ğŸ˜¸,,
122,cat with tears of joy,U+1F639,ğŸ˜¹,,
123,smiling cat with heart-eyes,U+1F63B,ğŸ˜»,,
124,cat with wry smile,U+1F63C,ğŸ˜¼,,
125,kissing cat,U+1F63D,ğŸ˜½,,
126,weary cat,U+1F640,ğŸ™€,,
127,crying cat,U+1F63F,ğŸ˜¿,,
128,pouting cat,U+1F63E,ğŸ˜¾,,
monkey-face,,,,,
â„–,CLDR Short Name,Code,Browser,,
129,see-no-evil monkey,U+1F648,ğŸ™ˆ,,
130,hear-no-evil monkey,U+1F649,ğŸ™‰,,
131,speak-no-evil monkey,U+1F64A,ğŸ™Š,,
heart,,,,,
â„–,CLDR Short Name,Code,Browser,,
132,love letter,U+1F48C,ğŸ’Œ,,
133,heart with arrow,U+1F498,ğŸ’˜,,
134,heart with ribbon,U+1F49D,ğŸ’,,
135,sparkling heart,U+1F496,ğŸ’–,,
136,growing heart,U+1F497,ğŸ’—,,
137,beating heart,U+1F493,ğŸ’“,,
138,revolving hearts,U+1F49E,ğŸ’,,
139,two hearts,U+1F495,ğŸ’•,,
140,heart decoration,U+1F49F,ğŸ’Ÿ,,
141,heart exclamation,U+2763,â£,,
142,broken heart,U+1F494,ğŸ’”,,
143,heart on fire,U+2764 U+FE0F U+200D U+1F525,â¤ï¸â€ğŸ”¥,,
144,mending heart,U+2764 U+FE0F U+200D U+1FA79,â¤ï¸â€ğŸ©¹,,
145,red heart,U+2764,â¤,,
146,pink heart,U+1FA77,ğŸ©·,,
147,orange heart,U+1F9E1,ğŸ§¡,,
148,yellow heart,U+1F49B,ğŸ’›,,
149,green heart,U+1F49A,ğŸ’š,,
150,blue heart,U+1F499,ğŸ’™,,
151,light blue heart,U+1FA75,ğŸ©µ,,
â„–,CLDR Short Name,Code,Browser,,
152,purple heart,U+1F49C,ğŸ’œ,,
153,brown heart,U+1F90E,ğŸ¤,,
154,black heart,U+1F5A4,ğŸ–¤,,
155,grey heart,U+1FA76,ğŸ©¶,,
156,white heart,U+1F90D,ğŸ¤,,
emotion,,,,,
â„–,CLDR Short Name,Code,Browser,,
157,kiss mark,U+1F48B,ğŸ’‹,,
158,hundred points,U+1F4AF,ğŸ’¯,,
159,anger symbol,U+1F4A2,ğŸ’¢,,
160,âŠ› fight cloud,U+1FAEF,ğŸ«¯,,
161,collision,U+1F4A5,ğŸ’¥,,
162,dizzy,U+1F4AB,ğŸ’«,,
163,sweat droplets,U+1F4A6,ğŸ’¦,,
164,dashing away,U+1F4A8,ğŸ’¨,,
165,hole,U+1F573,ğŸ•³,,
166,speech balloon,U+1F4AC,ğŸ’¬,,
167,eye in speech bubble,U+1F441 U+FE0F U+200D U+1F5E8 U+FE0F,ğŸ‘ï¸â€ğŸ—¨ï¸,,
168,left speech bubble,U+1F5E8,ğŸ—¨,,
169,right anger bubble,U+1F5EF,ğŸ—¯,,
170,thought balloon,U+1F4AD,ğŸ’­,,
171,ZZZ,U+1F4A4,ğŸ’¤,,
People & Body,,,,,
hand-fingers-open,,,,,
â„–,CLDR Short Name,Code,Browser,,
172,waving hand,U+1F44B,ğŸ‘‹,,
173,raised back of hand,U+1F91A,ğŸ¤š,,
174,hand with fingers splayed,U+1F590,ğŸ–,,
175,raised hand,U+270B,âœ‹,,
176,vulcan salute,U+1F596,ğŸ––,,
177,rightwards hand,U+1FAF1,ğŸ«±,,
178,leftwards hand,U+1FAF2,ğŸ«²,,
179,palm down hand,U+1FAF3,ğŸ«³,,
180,palm up hand,U+1FAF4,ğŸ«´,,
181,leftwards pushing hand,U+1FAF7,ğŸ«·,,
182,rightwards pushing hand,U+1FAF8,ğŸ«¸,,
hand-fingers-partial,,,,,
â„–,CLDR Short Name,Code,Browser,,
183,OK hand,U+1F44C,ğŸ‘Œ,,
184,pinched fingers,U+1F90C,ğŸ¤Œ,,
185,pinching hand,U+1F90F,ğŸ¤,,
186,victory hand,U+270C,âœŒ,,
187,crossed fingers,U+1F91E,ğŸ¤,,
188,hand with index finger and thumb crossed,U+1FAF0,ğŸ«°,,
189,love-you gesture,U+1F91F,ğŸ¤Ÿ,,
190,sign of the horns,U+1F918,ğŸ¤˜,,
191,call me hand,U+1F919,ğŸ¤™,,
hand-single-finger,,,,,
â„–,CLDR Short Name,Code,Browser,,
192,backhand index pointing left,U+1F448,ğŸ‘ˆ,,
193,backhand index pointing right,U+1F449,ğŸ‘‰,,
194,backhand index pointing up,U+1F446,ğŸ‘†,,
195,middle finger,U+1F595,ğŸ–•,,
196,backhand index pointing down,U+1F447,ğŸ‘‡,,
197,index pointing up,U+261D,â˜,,
198,index pointing at the viewer,U+1FAF5,ğŸ«µ,,
hand-fingers-closed,,,,,
â„–,CLDR Short Name,Code,Browser,,
199,thumbs up,U+1F44D,ğŸ‘,,
200,thumbs down,U+1F44E,ğŸ‘,,
201,raised fist,U+270A,âœŠ,,
202,oncoming fist,U+1F44A,ğŸ‘Š,,
203,left-facing fist,U+1F91B,ğŸ¤›,,
204,right-facing fist,U+1F91C,ğŸ¤œ,,
hands,,,,,
â„–,CLDR Short Name,Code,Browser,,
205,clapping hands,U+1F44F,ğŸ‘,,
206,raising hands,U+1F64C,ğŸ™Œ,,
207,heart hands,U+1FAF6,ğŸ«¶,,
208,open hands,U+1F450,ğŸ‘,,
209,palms up together,U+1F932,ğŸ¤²,,
210,handshake,U+1F91D,ğŸ¤,,
211,folded hands,U+1F64F,ğŸ™,,
hand-prop,,,,,
â„–,CLDR Short Name,Code,Browser,,
212,writing hand,U+270D,âœ,,
213,nail polish,U+1F485,ğŸ’…,,
214,selfie,U+1F933,ğŸ¤³,,
body-parts,,,,,
â„–,CLDR Short Name,Code,Browser,,
215,flexed biceps,U+1F4AA,ğŸ’ª,,
216,mechanical arm,U+1F9BE,ğŸ¦¾,,
217,mechanical leg,U+1F9BF,ğŸ¦¿,,
218,leg,U+1F9B5,ğŸ¦µ,,
219,foot,U+1F9B6,ğŸ¦¶,,
220,ear,U+1F442,ğŸ‘‚,,
221,ear with hearing aid,U+1F9BB,ğŸ¦»,,
222,nose,U+1F443,ğŸ‘ƒ,,
223,brain,U+1F9E0,ğŸ§ ,,
224,anatomical heart,U+1FAC0,ğŸ«€,,
225,lungs,U+1FAC1,ğŸ«,,
226,tooth,U+1F9B7,ğŸ¦·,,
227,bone,U+1F9B4,ğŸ¦´,,
228,eyes,U+1F440,ğŸ‘€,,
229,eye,U+1F441,ğŸ‘,,
230,tongue,U+1F445,ğŸ‘…,,
231,mouth,U+1F444,ğŸ‘„,,
232,biting lip,U+1FAE6,ğŸ«¦,,
person,,,,,
â„–,CLDR Short Name,Code,Browser,,
233,baby,U+1F476,ğŸ‘¶,,
234,child,U+1F9D2,ğŸ§’,,
235,boy,U+1F466,ğŸ‘¦,,
236,girl,U+1F467,ğŸ‘§,,
237,person,U+1F9D1,ğŸ§‘,,
238,person: blond hair,U+1F471,ğŸ‘±,,
239,man,U+1F468,ğŸ‘¨,,
240,person: beard,U+1F9D4,ğŸ§”,,
241,man: beard,U+1F9D4 U+200D U+2642 U+FE0F,ğŸ§”â€â™‚ï¸,,
242,woman: beard,U+1F9D4 U+200D U+2640 U+FE0F,ğŸ§”â€â™€ï¸,,
243,man: red hair,U+1F468 U+200D U+1F9B0,ğŸ‘¨â€ğŸ¦°,,
244,man: curly hair,U+1F468 U+200D U+1F9B1,ğŸ‘¨â€ğŸ¦±,,
245,man: white hair,U+1F468 U+200D U+1F9B3,ğŸ‘¨â€ğŸ¦³,,
246,man: bald,U+1F468 U+200D U+1F9B2,ğŸ‘¨â€ğŸ¦²,,
247,woman,U+1F469,ğŸ‘©,,
248,woman: red hair,U+1F469 U+200D U+1F9B0,ğŸ‘©â€ğŸ¦°,,
249,person: red hair,U+1F9D1 U+200D U+1F9B0,ğŸ§‘â€ğŸ¦°,,
250,woman: curly hair,U+1F469 U+200D U+1F9B1,ğŸ‘©â€ğŸ¦±,,
251,person: curly hair,U+1F9D1 U+200D U+1F9B1,ğŸ§‘â€ğŸ¦±,,
252,woman: white hair,U+1F469 U+200D U+1F9B3,ğŸ‘©â€ğŸ¦³,,
â„–,CLDR Short Name,Code,Browser,,
253,person: white hair,U+1F9D1 U+200D U+1F9B3,ğŸ§‘â€ğŸ¦³,,
254,woman: bald,U+1F469 U+200D U+1F9B2,ğŸ‘©â€ğŸ¦²,,
255,person: bald,U+1F9D1 U+200D U+1F9B2,ğŸ§‘â€ğŸ¦²,,
256,woman: blond hair,U+1F471 U+200D U+2640 U+FE0F,ğŸ‘±â€â™€ï¸,,
257,man: blond hair,U+1F471 U+200D U+2642 U+FE0F,ğŸ‘±â€â™‚ï¸,,
258,older person,U+1F9D3,ğŸ§“,,
259,old man,U+1F474,ğŸ‘´,,
260,old woman,U+1F475,ğŸ‘µ,,
person-gesture,,,,,
â„–,CLDR Short Name,Code,Browser,,
261,person frowning,U+1F64D,ğŸ™,,
262,man frowning,U+1F64D U+200D U+2642 U+FE0F,ğŸ™â€â™‚ï¸,,
263,woman frowning,U+1F64D U+200D U+2640 U+FE0F,ğŸ™â€â™€ï¸,,
264,person pouting,U+1F64E,ğŸ™,,
265,man pouting,U+1F64E U+200D U+2642 U+FE0F,ğŸ™â€â™‚ï¸,,
266,woman pouting,U+1F64E U+200D U+2640 U+FE0F,ğŸ™â€â™€ï¸,,
267,person gesturing NO,U+1F645,ğŸ™…,,
268,man gesturing NO,U+1F645 U+200D U+2642 U+FE0F,ğŸ™…â€â™‚ï¸,,
269,woman gesturing NO,U+1F645 U+200D U+2640 U+FE0F,ğŸ™…â€â™€ï¸,,
270,person gesturing OK,U+1F646,ğŸ™†,,
271,man gesturing OK,U+1F646 U+200D U+2642 U+FE0F,ğŸ™†â€â™‚ï¸,,
272,woman gesturing OK,U+1F646 U+200D U+2640 U+FE0F,ğŸ™†â€â™€ï¸,,
273,person tipping hand,U+1F481,ğŸ’,,
274,man tipping hand,U+1F481 U+200D U+2642 U+FE0F,ğŸ’â€â™‚ï¸,,
275,woman tipping hand,U+1F481 U+200D U+2640 U+FE0F,ğŸ’â€â™€ï¸,,
276,person raising hand,U+1F64B,ğŸ™‹,,
277,man raising hand,U+1F64B U+200D U+2642 U+FE0F,ğŸ™‹â€â™‚ï¸,,
278,woman raising hand,U+1F64B U+200D U+2640 U+FE0F,ğŸ™‹â€â™€ï¸,,
279,deaf person,U+1F9CF,ğŸ§,,
280,deaf man,U+1F9CF U+200D U+2642 U+FE0F,ğŸ§â€â™‚ï¸,,
â„–,CLDR Short Name,Code,Browser,,
281,deaf woman,U+1F9CF U+200D U+2640 U+FE0F,ğŸ§â€â™€ï¸,,
282,person bowing,U+1F647,ğŸ™‡,,
283,man bowing,U+1F647 U+200D U+2642 U+FE0F,ğŸ™‡â€â™‚ï¸,,
284,woman bowing,U+1F647 U+200D U+2640 U+FE0F,ğŸ™‡â€â™€ï¸,,
285,person facepalming,U+1F926,ğŸ¤¦,,
286,man facepalming,U+1F926 U+200D U+2642 U+FE0F,ğŸ¤¦â€â™‚ï¸,,
287,woman facepalming,U+1F926 U+200D U+2640 U+FE0F,ğŸ¤¦â€â™€ï¸,,
288,person shrugging,U+1F937,ğŸ¤·,,
289,man shrugging,U+1F937 U+200D U+2642 U+FE0F,ğŸ¤·â€â™‚ï¸,,
290,woman shrugging,U+1F937 U+200D U+2640 U+FE0F,ğŸ¤·â€â™€ï¸,,
person-role,,,,,
â„–,CLDR Short Name,Code,Browser,,
291,health worker,U+1F9D1 U+200D U+2695 U+FE0F,ğŸ§‘â€âš•ï¸,,
292,man health worker,U+1F468 U+200D U+2695 U+FE0F,ğŸ‘¨â€âš•ï¸,,
293,woman health worker,U+1F469 U+200D U+2695 U+FE0F,ğŸ‘©â€âš•ï¸,,
294,student,U+1F9D1 U+200D U+1F393,ğŸ§‘â€ğŸ“,,
295,man student,U+1F468 U+200D U+1F393,ğŸ‘¨â€ğŸ“,,
296,woman student,U+1F469 U+200D U+1F393,ğŸ‘©â€ğŸ“,,
297,teacher,U+1F9D1 U+200D U+1F3EB,ğŸ§‘â€ğŸ«,,
298,man teacher,U+1F468 U+200D U+1F3EB,ğŸ‘¨â€ğŸ«,,
299,woman teacher,U+1F469 U+200D U+1F3EB,ğŸ‘©â€ğŸ«,,
300,judge,U+1F9D1 U+200D U+2696 U+FE0F,ğŸ§‘â€âš–ï¸,,
301,man judge,U+1F468 U+200D U+2696 U+FE0F,ğŸ‘¨â€âš–ï¸,,
302,woman judge,U+1F469 U+200D U+2696 U+FE0F,ğŸ‘©â€âš–ï¸,,
303,farmer,U+1F9D1 U+200D U+1F33E,ğŸ§‘â€ğŸŒ¾,,
304,man farmer,U+1F468 U+200D U+1F33E,ğŸ‘¨â€ğŸŒ¾,,
305,woman farmer,U+1F469 U+200D U+1F33E,ğŸ‘©â€ğŸŒ¾,,
306,cook,U+1F9D1 U+200D U+1F373,ğŸ§‘â€ğŸ³,,
307,man cook,U+1F468 U+200D U+1F373,ğŸ‘¨â€ğŸ³,,
308,woman cook,U+1F469 U+200D U+1F373,ğŸ‘©â€ğŸ³,,
309,mechanic,U+1F9D1 U+200D U+1F527,ğŸ§‘â€ğŸ”§,,
310,man mechanic,U+1F468 U+200D U+1F527,ğŸ‘¨â€ğŸ”§,,
â„–,CLDR Short Name,Code,Browser,,
311,woman mechanic,U+1F469 U+200D U+1F527,ğŸ‘©â€ğŸ”§,,
312,factory worker,U+1F9D1 U+200D U+1F3ED,ğŸ§‘â€ğŸ­,,
313,man factory worker,U+1F468 U+200D U+1F3ED,ğŸ‘¨â€ğŸ­,,
314,woman factory worker,U+1F469 U+200D U+1F3ED,ğŸ‘©â€ğŸ­,,
315,office worker,U+1F9D1 U+200D U+1F4BC,ğŸ§‘â€ğŸ’¼,,
316,man office worker,U+1F468 U+200D U+1F4BC,ğŸ‘¨â€ğŸ’¼,,
317,woman office worker,U+1F469 U+200D U+1F4BC,ğŸ‘©â€ğŸ’¼,,
318,scientist,U+1F9D1 U+200D U+1F52C,ğŸ§‘â€ğŸ”¬,,
319,man scientist,U+1F468 U+200D U+1F52C,ğŸ‘¨â€ğŸ”¬,,
320,woman scientist,U+1F469 U+200D U+1F52C,ğŸ‘©â€ğŸ”¬,,
321,technologist,U+1F9D1 U+200D U+1F4BB,ğŸ§‘â€ğŸ’»,,
322,man technologist,U+1F468 U+200D U+1F4BB,ğŸ‘¨â€ğŸ’»,,
323,woman technologist,U+1F469 U+200D U+1F4BB,ğŸ‘©â€ğŸ’»,,
324,singer,U+1F9D1 U+200D U+1F3A4,ğŸ§‘â€ğŸ¤,,
325,man singer,U+1F468 U+200D U+1F3A4,ğŸ‘¨â€ğŸ¤,,
326,woman singer,U+1F469 U+200D U+1F3A4,ğŸ‘©â€ğŸ¤,,
327,artist,U+1F9D1 U+200D U+1F3A8,ğŸ§‘â€ğŸ¨,,
328,man artist,U+1F468 U+200D U+1F3A8,ğŸ‘¨â€ğŸ¨,,
329,woman artist,U+1F469 U+200D U+1F3A8,ğŸ‘©â€ğŸ¨,,
330,pilot,U+1F9D1 U+200D U+2708 U+FE0F,ğŸ§‘â€âœˆï¸,,
â„–,CLDR Short Name,Code,Browser,,
331,man pilot,U+1F468 U+200D U+2708 U+FE0F,ğŸ‘¨â€âœˆï¸,,
332,woman pilot,U+1F469 U+200D U+2708 U+FE0F,ğŸ‘©â€âœˆï¸,,
333,astronaut,U+1F9D1 U+200D U+1F680,ğŸ§‘â€ğŸš€,,
334,man astronaut,U+1F468 U+200D U+1F680,ğŸ‘¨â€ğŸš€,,
335,woman astronaut,U+1F469 U+200D U+1F680,ğŸ‘©â€ğŸš€,,
336,firefighter,U+1F9D1 U+200D U+1F692,ğŸ§‘â€ğŸš’,,
337,man firefighter,U+1F468 U+200D U+1F692,ğŸ‘¨â€ğŸš’,,
338,woman firefighter,U+1F469 U+200D U+1F692,ğŸ‘©â€ğŸš’,,
339,police officer,U+1F46E,ğŸ‘®,,
340,man police officer,U+1F46E U+200D U+2642 U+FE0F,ğŸ‘®â€â™‚ï¸,,
341,woman police officer,U+1F46E U+200D U+2640 U+FE0F,ğŸ‘®â€â™€ï¸,,
342,detective,U+1F575,ğŸ•µ,,
343,man detective,U+1F575 U+FE0F U+200D U+2642 U+FE0F,ğŸ•µï¸â€â™‚ï¸,,
344,woman detective,U+1F575 U+FE0F U+200D U+2640 U+FE0F,ğŸ•µï¸â€â™€ï¸,,
345,guard,U+1F482,ğŸ’‚,,
346,man guard,U+1F482 U+200D U+2642 U+FE0F,ğŸ’‚â€â™‚ï¸,,
347,woman guard,U+1F482 U+200D U+2640 U+FE0F,ğŸ’‚â€â™€ï¸,,
348,ninja,U+1F977,ğŸ¥·,,
349,construction worker,U+1F477,ğŸ‘·,,
350,man construction worker,U+1F477 U+200D U+2642 U+FE0F,ğŸ‘·â€â™‚ï¸,,
â„–,CLDR Short Name,Code,Browser,,
351,woman construction worker,U+1F477 U+200D U+2640 U+FE0F,ğŸ‘·â€â™€ï¸,,
352,person with crown,U+1FAC5,ğŸ«…,,
353,prince,U+1F934,ğŸ¤´,,
354,princess,U+1F478,ğŸ‘¸,,
355,person wearing turban,U+1F473,ğŸ‘³,,
356,man wearing turban,U+1F473 U+200D U+2642 U+FE0F,ğŸ‘³â€â™‚ï¸,,
357,woman wearing turban,U+1F473 U+200D U+2640 U+FE0F,ğŸ‘³â€â™€ï¸,,
358,person with skullcap,U+1F472,ğŸ‘²,,
359,woman with headscarf,U+1F9D5,ğŸ§•,,
360,person in tuxedo,U+1F935,ğŸ¤µ,,
361,man in tuxedo,U+1F935 U+200D U+2642 U+FE0F,ğŸ¤µâ€â™‚ï¸,,
362,woman in tuxedo,U+1F935 U+200D U+2640 U+FE0F,ğŸ¤µâ€â™€ï¸,,
363,person with veil,U+1F470,ğŸ‘°,,
364,man with veil,U+1F470 U+200D U+2642 U+FE0F,ğŸ‘°â€â™‚ï¸,,
365,woman with veil,U+1F470 U+200D U+2640 U+FE0F,ğŸ‘°â€â™€ï¸,,
366,pregnant woman,U+1F930,ğŸ¤°,,
367,pregnant man,U+1FAC3,ğŸ«ƒ,,
368,pregnant person,U+1FAC4,ğŸ«„,,
369,breast-feeding,U+1F931,ğŸ¤±,,
370,woman feeding baby,U+1F469 U+200D U+1F37C,ğŸ‘©â€ğŸ¼,,
â„–,CLDR Short Name,Code,Browser,,
371,man feeding baby,U+1F468 U+200D U+1F37C,ğŸ‘¨â€ğŸ¼,,
372,person feeding baby,U+1F9D1 U+200D U+1F37C,ğŸ§‘â€ğŸ¼,,
person-fantasy,,,,,
â„–,CLDR Short Name,Code,Browser,,
373,baby angel,U+1F47C,ğŸ‘¼,,
374,Santa Claus,U+1F385,ğŸ…,,
375,Mrs. Claus,U+1F936,ğŸ¤¶,,
376,Mx Claus,U+1F9D1 U+200D U+1F384,ğŸ§‘â€ğŸ„,,
377,superhero,U+1F9B8,ğŸ¦¸,,
378,man superhero,U+1F9B8 U+200D U+2642 U+FE0F,ğŸ¦¸â€â™‚ï¸,,
379,woman superhero,U+1F9B8 U+200D U+2640 U+FE0F,ğŸ¦¸â€â™€ï¸,,
380,supervillain,U+1F9B9,ğŸ¦¹,,
381,man supervillain,U+1F9B9 U+200D U+2642 U+FE0F,ğŸ¦¹â€â™‚ï¸,,
382,woman supervillain,U+1F9B9 U+200D U+2640 U+FE0F,ğŸ¦¹â€â™€ï¸,,
383,mage,U+1F9D9,ğŸ§™,,
384,man mage,U+1F9D9 U+200D U+2642 U+FE0F,ğŸ§™â€â™‚ï¸,,
385,woman mage,U+1F9D9 U+200D U+2640 U+FE0F,ğŸ§™â€â™€ï¸,,
386,fairy,U+1F9DA,ğŸ§š,,
387,man fairy,U+1F9DA U+200D U+2642 U+FE0F,ğŸ§šâ€â™‚ï¸,,
388,woman fairy,U+1F9DA U+200D U+2640 U+FE0F,ğŸ§šâ€â™€ï¸,,
389,vampire,U+1F9DB,ğŸ§›,,
390,man vampire,U+1F9DB U+200D U+2642 U+FE0F,ğŸ§›â€â™‚ï¸,,
391,woman vampire,U+1F9DB U+200D U+2640 U+FE0F,ğŸ§›â€â™€ï¸,,
392,merperson,U+1F9DC,ğŸ§œ,,
â„–,CLDR Short Name,Code,Browser,,
393,merman,U+1F9DC U+200D U+2642 U+FE0F,ğŸ§œâ€â™‚ï¸,,
394,mermaid,U+1F9DC U+200D U+2640 U+FE0F,ğŸ§œâ€â™€ï¸,,
395,elf,U+1F9DD,ğŸ§,,
396,man elf,U+1F9DD U+200D U+2642 U+FE0F,ğŸ§â€â™‚ï¸,,
397,woman elf,U+1F9DD U+200D U+2640 U+FE0F,ğŸ§â€â™€ï¸,,
398,genie,U+1F9DE,ğŸ§,,
399,man genie,U+1F9DE U+200D U+2642 U+FE0F,ğŸ§â€â™‚ï¸,,
400,woman genie,U+1F9DE U+200D U+2640 U+FE0F,ğŸ§â€â™€ï¸,,
401,zombie,U+1F9DF,ğŸ§Ÿ,,
402,man zombie,U+1F9DF U+200D U+2642 U+FE0F,ğŸ§Ÿâ€â™‚ï¸,,
403,woman zombie,U+1F9DF U+200D U+2640 U+FE0F,ğŸ§Ÿâ€â™€ï¸,,
404,troll,U+1F9CC,ğŸ§Œ,,
405,âŠ› hairy creature,U+1FAC8,ğŸ«ˆ,,
person-activity,,,,,
â„–,CLDR Short Name,Code,Browser,,
406,person getting massage,U+1F486,ğŸ’†,,
407,man getting massage,U+1F486 U+200D U+2642 U+FE0F,ğŸ’†â€â™‚ï¸,,
408,woman getting massage,U+1F486 U+200D U+2640 U+FE0F,ğŸ’†â€â™€ï¸,,
409,person getting haircut,U+1F487,ğŸ’‡,,
410,man getting haircut,U+1F487 U+200D U+2642 U+FE0F,ğŸ’‡â€â™‚ï¸,,
411,woman getting haircut,U+1F487 U+200D U+2640 U+FE0F,ğŸ’‡â€â™€ï¸,,
412,person walking,U+1F6B6,ğŸš¶,,
413,man walking,U+1F6B6 U+200D U+2642 U+FE0F,ğŸš¶â€â™‚ï¸,,
414,woman walking,U+1F6B6 U+200D U+2640 U+FE0F,ğŸš¶â€â™€ï¸,,
415,person walking: facing right,U+1F6B6 U+200D U+27A1 U+FE0F,ğŸš¶â€â¡ï¸,,
416,woman walking: facing right,U+1F6B6 U+200D U+2640 U+FE0F U+200D U+27A1 U+FE0F,ğŸš¶â€â™€ï¸â€â¡ï¸,,
417,man walking: facing right,U+1F6B6 U+200D U+2642 U+FE0F U+200D U+27A1 U+FE0F,ğŸš¶â€â™‚ï¸â€â¡ï¸,,
418,person standing,U+1F9CD,ğŸ§,,
419,man standing,U+1F9CD U+200D U+2642 U+FE0F,ğŸ§â€â™‚ï¸,,
420,woman standing,U+1F9CD U+200D U+2640 U+FE0F,ğŸ§â€â™€ï¸,,
421,person kneeling,U+1F9CE,ğŸ§,,
422,man kneeling,U+1F9CE U+200D U+2642 U+FE0F,ğŸ§â€â™‚ï¸,,
423,woman kneeling,U+1F9CE U+200D U+2640 U+FE0F,ğŸ§â€â™€ï¸,,
424,person kneeling: facing right,U+1F9CE U+200D U+27A1 U+FE0F,ğŸ§â€â¡ï¸,,
425,woman kneeling: facing right,U+1F9CE U+200D U+2640 U+FE0F U+200D U+27A1 U+FE0F,ğŸ§â€â™€ï¸â€â¡ï¸,,
â„–,CLDR Short Name,Code,Browser,,
426,man kneeling: facing right,U+1F9CE U+200D U+2642 U+FE0F U+200D U+27A1 U+FE0F,ğŸ§â€â™‚ï¸â€â¡ï¸,,
427,person with white cane,U+1F9D1 U+200D U+1F9AF,ğŸ§‘â€ğŸ¦¯,,
428,person with white cane: facing right,U+1F9D1 U+200D U+1F9AF U+200D U+27A1 U+FE0F,ğŸ§‘â€ğŸ¦¯â€â¡ï¸,,
429,man with white cane,U+1F468 U+200D U+1F9AF,ğŸ‘¨â€ğŸ¦¯,,
430,man with white cane: facing right,U+1F468 U+200D U+1F9AF U+200D U+27A1 U+FE0F,ğŸ‘¨â€ğŸ¦¯â€â¡ï¸,,
431,woman with white cane,U+1F469 U+200D U+1F9AF,ğŸ‘©â€ğŸ¦¯,,
432,woman with white cane: facing right,U+1F469 U+200D U+1F9AF U+200D U+27A1 U+FE0F,ğŸ‘©â€ğŸ¦¯â€â¡ï¸,,
433,person in motorized wheelchair,U+1F9D1 U+200D U+1F9BC,ğŸ§‘â€ğŸ¦¼,,
434,person in motorized wheelchair: facing right,U+1F9D1 U+200D U+1F9BC U+200D U+27A1 U+FE0F,ğŸ§‘â€ğŸ¦¼â€â¡ï¸,,
435,man in motorized wheelchair,U+1F468 U+200D U+1F9BC,ğŸ‘¨â€ğŸ¦¼,,
436,man in motorized wheelchair: facing right,U+1F468 U+200D U+1F9BC U+200D U+27A1 U+FE0F,ğŸ‘¨â€ğŸ¦¼â€â¡ï¸,,
437,woman in motorized wheelchair,U+1F469 U+200D U+1F9BC,ğŸ‘©â€ğŸ¦¼,,
438,woman in motorized wheelchair: facing right,U+1F469 U+200D U+1F9BC U+200D U+27A1 U+FE0F,ğŸ‘©â€ğŸ¦¼â€â¡ï¸,,
439,person in manual wheelchair,U+1F9D1 U+200D U+1F9BD,ğŸ§‘â€ğŸ¦½,,
440,person in manual wheelchair: facing right,U+1F9D1 U+200D U+1F9BD U+200D U+27A1 U+FE0F,ğŸ§‘â€ğŸ¦½â€â¡ï¸,,
441,man in manual wheelchair,U+1F468 U+200D U+1F9BD,ğŸ‘¨â€ğŸ¦½,,
442,man in manual wheelchair: facing right,U+1F468 U+200D U+1F9BD U+200D U+27A1 U+FE0F,ğŸ‘¨â€ğŸ¦½â€â¡ï¸,,
443,woman in manual wheelchair,U+1F469 U+200D U+1F9BD,ğŸ‘©â€ğŸ¦½,,
444,woman in manual wheelchair: facing right,U+1F469 U+200D U+1F9BD U+200D U+27A1 U+FE0F,ğŸ‘©â€ğŸ¦½â€â¡ï¸,,
445,person running,U+1F3C3,ğŸƒ,,
â„–,CLDR Short Name,Code,Browser,,
446,man running,U+1F3C3 U+200D U+2642 U+FE0F,ğŸƒâ€â™‚ï¸,,
447,woman running,U+1F3C3 U+200D U+2640 U+FE0F,ğŸƒâ€â™€ï¸,,
448,person running: facing right,U+1F3C3 U+200D U+27A1 U+FE0F,ğŸƒâ€â¡ï¸,,
449,woman running: facing right,U+1F3C3 U+200D U+2640 U+FE0F U+200D U+27A1 U+FE0F,ğŸƒâ€â™€ï¸â€â¡ï¸,,
450,man running: facing right,U+1F3C3 U+200D U+2642 U+FE0F U+200D U+27A1 U+FE0F,ğŸƒâ€â™‚ï¸â€â¡ï¸,,
451,âŠ› ballet dancer,U+1F9D1 U+200D U+1FA70,ğŸ§‘â€ğŸ©°,,
452,woman dancing,U+1F483,ğŸ’ƒ,,
453,man dancing,U+1F57A,ğŸ•º,,
454,person in suit levitating,U+1F574,ğŸ•´,,
455,people with bunny ears,U+1F46F,ğŸ‘¯,,
456,men with bunny ears,U+1F46F U+200D U+2642 U+FE0F,ğŸ‘¯â€â™‚ï¸,,
457,women with bunny ears,U+1F46F U+200D U+2640 U+FE0F,ğŸ‘¯â€â™€ï¸,,
458,person in steamy room,U+1F9D6,ğŸ§–,,
459,man in steamy room,U+1F9D6 U+200D U+2642 U+FE0F,ğŸ§–â€â™‚ï¸,,
460,woman in steamy room,U+1F9D6 U+200D U+2640 U+FE0F,ğŸ§–â€â™€ï¸,,
461,person climbing,U+1F9D7,ğŸ§—,,
462,man climbing,U+1F9D7 U+200D U+2642 U+FE0F,ğŸ§—â€â™‚ï¸,,
463,woman climbing,U+1F9D7 U+200D U+2640 U+FE0F,ğŸ§—â€â™€ï¸,,
person-sport,,,,,
â„–,CLDR Short Name,Code,Browser,,
464,person fencing,U+1F93A,ğŸ¤º,,
465,horse racing,U+1F3C7,ğŸ‡,,
466,skier,U+26F7,â›·,,
467,snowboarder,U+1F3C2,ğŸ‚,,
468,person golfing,U+1F3CC,ğŸŒ,,
469,man golfing,U+1F3CC U+FE0F U+200D U+2642 U+FE0F,ğŸŒï¸â€â™‚ï¸,,
470,woman golfing,U+1F3CC U+FE0F U+200D U+2640 U+FE0F,ğŸŒï¸â€â™€ï¸,,
471,person surfing,U+1F3C4,ğŸ„,,
472,man surfing,U+1F3C4 U+200D U+2642 U+FE0F,ğŸ„â€â™‚ï¸,,
473,woman surfing,U+1F3C4 U+200D U+2640 U+FE0F,ğŸ„â€â™€ï¸,,
474,person rowing boat,U+1F6A3,ğŸš£,,
475,man rowing boat,U+1F6A3 U+200D U+2642 U+FE0F,ğŸš£â€â™‚ï¸,,
476,woman rowing boat,U+1F6A3 U+200D U+2640 U+FE0F,ğŸš£â€â™€ï¸,,
477,person swimming,U+1F3CA,ğŸŠ,,
478,man swimming,U+1F3CA U+200D U+2642 U+FE0F,ğŸŠâ€â™‚ï¸,,
479,woman swimming,U+1F3CA U+200D U+2640 U+FE0F,ğŸŠâ€â™€ï¸,,
480,person bouncing ball,U+26F9,â›¹,,
481,man bouncing ball,U+26F9 U+FE0F U+200D U+2642 U+FE0F,â›¹ï¸â€â™‚ï¸,,
482,woman bouncing ball,U+26F9 U+FE0F U+200D U+2640 U+FE0F,â›¹ï¸â€â™€ï¸,,
483,person lifting weights,U+1F3CB,ğŸ‹,,
â„–,CLDR Short Name,Code,Browser,,
484,man lifting weights,U+1F3CB U+FE0F U+200D U+2642 U+FE0F,ğŸ‹ï¸â€â™‚ï¸,,
485,woman lifting weights,U+1F3CB U+FE0F U+200D U+2640 U+FE0F,ğŸ‹ï¸â€â™€ï¸,,
486,person biking,U+1F6B4,ğŸš´,,
487,man biking,U+1F6B4 U+200D U+2642 U+FE0F,ğŸš´â€â™‚ï¸,,
488,woman biking,U+1F6B4 U+200D U+2640 U+FE0F,ğŸš´â€â™€ï¸,,
489,person mountain biking,U+1F6B5,ğŸšµ,,
490,man mountain biking,U+1F6B5 U+200D U+2642 U+FE0F,ğŸšµâ€â™‚ï¸,,
491,woman mountain biking,U+1F6B5 U+200D U+2640 U+FE0F,ğŸšµâ€â™€ï¸,,
492,person cartwheeling,U+1F938,ğŸ¤¸,,
493,man cartwheeling,U+1F938 U+200D U+2642 U+FE0F,ğŸ¤¸â€â™‚ï¸,,
494,woman cartwheeling,U+1F938 U+200D U+2640 U+FE0F,ğŸ¤¸â€â™€ï¸,,
495,people wrestling,U+1F93C,ğŸ¤¼,,
496,men wrestling,U+1F93C U+200D U+2642 U+FE0F,ğŸ¤¼â€â™‚ï¸,,
497,women wrestling,U+1F93C U+200D U+2640 U+FE0F,ğŸ¤¼â€â™€ï¸,,
498,person playing water polo,U+1F93D,ğŸ¤½,,
499,man playing water polo,U+1F93D U+200D U+2642 U+FE0F,ğŸ¤½â€â™‚ï¸,,
500,woman playing water polo,U+1F93D U+200D U+2640 U+FE0F,ğŸ¤½â€â™€ï¸,,
501,person playing handball,U+1F93E,ğŸ¤¾,,
502,man playing handball,U+1F93E U+200D U+2642 U+FE0F,ğŸ¤¾â€â™‚ï¸,,
503,woman playing handball,U+1F93E U+200D U+2640 U+FE0F,ğŸ¤¾â€â™€ï¸,,
â„–,CLDR Short Name,Code,Browser,,
504,person juggling,U+1F939,ğŸ¤¹,,
505,man juggling,U+1F939 U+200D U+2642 U+FE0F,ğŸ¤¹â€â™‚ï¸,,
506,woman juggling,U+1F939 U+200D U+2640 U+FE0F,ğŸ¤¹â€â™€ï¸,,
person-resting,,,,,
â„–,CLDR Short Name,Code,Browser,,
507,person in lotus position,U+1F9D8,ğŸ§˜,,
508,man in lotus position,U+1F9D8 U+200D U+2642 U+FE0F,ğŸ§˜â€â™‚ï¸,,
509,woman in lotus position,U+1F9D8 U+200D U+2640 U+FE0F,ğŸ§˜â€â™€ï¸,,
510,person taking bath,U+1F6C0,ğŸ›€,,
511,person in bed,U+1F6CC,ğŸ›Œ,,
family,,,,,
â„–,CLDR Short Name,Code,Browser,,
512,people holding hands,U+1F9D1 U+200D U+1F91D U+200D U+1F9D1,ğŸ§‘â€ğŸ¤â€ğŸ§‘,,
513,women holding hands,U+1F46D,ğŸ‘­,,
514,woman and man holding hands,U+1F46B,ğŸ‘«,,
515,men holding hands,U+1F46C,ğŸ‘¬,,
516,kiss,U+1F48F,ğŸ’,,
517,"kiss: woman, man",U+1F469 U+200D U+2764 U+FE0F U+200D U+1F48B U+200D U+1F468,ğŸ‘©â€â¤ï¸â€ğŸ’‹â€ğŸ‘¨,,
518,"kiss: man, man",U+1F468 U+200D U+2764 U+FE0F U+200D U+1F48B U+200D U+1F468,ğŸ‘¨â€â¤ï¸â€ğŸ’‹â€ğŸ‘¨,,
519,"kiss: woman, woman",U+1F469 U+200D U+2764 U+FE0F U+200D U+1F48B U+200D U+1F469,ğŸ‘©â€â¤ï¸â€ğŸ’‹â€ğŸ‘©,,
520,couple with heart,U+1F491,ğŸ’‘,,
521,"couple with heart: woman, man",U+1F469 U+200D U+2764 U+FE0F U+200D U+1F468,ğŸ‘©â€â¤ï¸â€ğŸ‘¨,,
522,"couple with heart: man, man",U+1F468 U+200D U+2764 U+FE0F U+200D U+1F468,ğŸ‘¨â€â¤ï¸â€ğŸ‘¨,,
523,"couple with heart: woman, woman",U+1F469 U+200D U+2764 U+FE0F U+200D U+1F469,ğŸ‘©â€â¤ï¸â€ğŸ‘©,,
524,"family: man, woman, boy",U+1F468 U+200D U+1F469 U+200D U+1F466,ğŸ‘¨â€ğŸ‘©â€ğŸ‘¦,,
525,"family: man, woman, girl",U+1F468 U+200D U+1F469 U+200D U+1F467,ğŸ‘¨â€ğŸ‘©â€ğŸ‘§,,
526,"family: man, woman, girl, boy",U+1F468 U+200D U+1F469 U+200D U+1F467 U+200D U+1F466,ğŸ‘¨â€ğŸ‘©â€ğŸ‘§â€ğŸ‘¦,,
527,"family: man, woman, boy, boy",U+1F468 U+200D U+1F469 U+200D U+1F466 U+200D U+1F466,ğŸ‘¨â€ğŸ‘©â€ğŸ‘¦â€ğŸ‘¦,,
528,"family: man, woman, girl, girl",U+1F468 U+200D U+1F469 U+200D U+1F467 U+200D U+1F467,ğŸ‘¨â€ğŸ‘©â€ğŸ‘§â€ğŸ‘§,,
529,"family: man, man, boy",U+1F468 U+200D U+1F468 U+200D U+1F466,ğŸ‘¨â€ğŸ‘¨â€ğŸ‘¦,,
530,"family: man, man, girl",U+1F468 U+200D U+1F468 U+200D U+1F467,ğŸ‘¨â€ğŸ‘¨â€ğŸ‘§,,
531,"family: man, man, girl, boy",U+1F468 U+200D U+1F468 U+200D U+1F467 U+200D U+1F466,ğŸ‘¨â€ğŸ‘¨â€ğŸ‘§â€ğŸ‘¦,,
â„–,CLDR Short Name,Code,Browser,,
532,"family: man, man, boy, boy",U+1F468 U+200D U+1F468 U+200D U+1F466 U+200D U+1F466,ğŸ‘¨â€ğŸ‘¨â€ğŸ‘¦â€ğŸ‘¦,,
533,"family: man, man, girl, girl",U+1F468 U+200D U+1F468 U+200D U+1F467 U+200D U+1F467,ğŸ‘¨â€ğŸ‘¨â€ğŸ‘§â€ğŸ‘§,,
534,"family: woman, woman, boy",U+1F469 U+200D U+1F469 U+200D U+1F466,ğŸ‘©â€ğŸ‘©â€ğŸ‘¦,,
535,"family: woman, woman, girl",U+1F469 U+200D U+1F469 U+200D U+1F467,ğŸ‘©â€ğŸ‘©â€ğŸ‘§,,
536,"family: woman, woman, girl, boy",U+1F469 U+200D U+1F469 U+200D U+1F467 U+200D U+1F466,ğŸ‘©â€ğŸ‘©â€ğŸ‘§â€ğŸ‘¦,,
537,"family: woman, woman, boy, boy",U+1F469 U+200D U+1F469 U+200D U+1F466 U+200D U+1F466,ğŸ‘©â€ğŸ‘©â€ğŸ‘¦â€ğŸ‘¦,,
538,"family: woman, woman, girl, girl",U+1F469 U+200D U+1F469 U+200D U+1F467 U+200D U+1F467,ğŸ‘©â€ğŸ‘©â€ğŸ‘§â€ğŸ‘§,,
539,"family: man, boy",U+1F468 U+200D U+1F466,ğŸ‘¨â€ğŸ‘¦,,
540,"family: man, boy, boy",U+1F468 U+200D U+1F466 U+200D U+1F466,ğŸ‘¨â€ğŸ‘¦â€ğŸ‘¦,,
541,"family: man, girl",U+1F468 U+200D U+1F467,ğŸ‘¨â€ğŸ‘§,,
542,"family: man, girl, boy",U+1F468 U+200D U+1F467 U+200D U+1F466,ğŸ‘¨â€ğŸ‘§â€ğŸ‘¦,,
543,"family: man, girl, girl",U+1F468 U+200D U+1F467 U+200D U+1F467,ğŸ‘¨â€ğŸ‘§â€ğŸ‘§,,
544,"family: woman, boy",U+1F469 U+200D U+1F466,ğŸ‘©â€ğŸ‘¦,,
545,"family: woman, boy, boy",U+1F469 U+200D U+1F466 U+200D U+1F466,ğŸ‘©â€ğŸ‘¦â€ğŸ‘¦,,
546,"family: woman, girl",U+1F469 U+200D U+1F467,ğŸ‘©â€ğŸ‘§,,
547,"family: woman, girl, boy",U+1F469 U+200D U+1F467 U+200D U+1F466,ğŸ‘©â€ğŸ‘§â€ğŸ‘¦,,
548,"family: woman, girl, girl",U+1F469 U+200D U+1F467 U+200D U+1F467,ğŸ‘©â€ğŸ‘§â€ğŸ‘§,,
person-symbol,,,,,
â„–,CLDR Short Name,Code,Browser,,
549,speaking head,U+1F5E3,ğŸ—£,,
550,bust in silhouette,U+1F464,ğŸ‘¤,,
551,busts in silhouette,U+1F465,ğŸ‘¥,,
552,people hugging,U+1FAC2,ğŸ«‚,,
553,family,U+1F46A,ğŸ‘ª,,
554,"family: adult, adult, child",U+1F9D1 U+200D U+1F9D1 U+200D U+1F9D2,ğŸ§‘â€ğŸ§‘â€ğŸ§’,,
555,"family: adult, adult, child, child",U+1F9D1 U+200D U+1F9D1 U+200D U+1F9D2 U+200D U+1F9D2,ğŸ§‘â€ğŸ§‘â€ğŸ§’â€ğŸ§’,,
556,"family: adult, child",U+1F9D1 U+200D U+1F9D2,ğŸ§‘â€ğŸ§’,,
557,"family: adult, child, child",U+1F9D1 U+200D U+1F9D2 U+200D U+1F9D2,ğŸ§‘â€ğŸ§’â€ğŸ§’,,
558,footprints,U+1F463,ğŸ‘£,,
559,fingerprint,U+1FAC6,ğŸ«†,,
Component,,,,,
hair-style,,,,,
â„–,CLDR Short Name,Code,Browser,,
560,red hair,U+1F9B0,ğŸ¦°,,
561,curly hair,U+1F9B1,ğŸ¦±,,
562,white hair,U+1F9B3,ğŸ¦³,,
563,bald,U+1F9B2,ğŸ¦²,,
Animals & Nature,,,,,
animal-mammal,,,,,
â„–,CLDR Short Name,Code,Browser,,
564,monkey face,U+1F435,ğŸµ,,
565,monkey,U+1F412,ğŸ’,,
566,gorilla,U+1F98D,ğŸ¦,,
567,orangutan,U+1F9A7,ğŸ¦§,,
568,dog face,U+1F436,ğŸ¶,,
569,dog,U+1F415,ğŸ•,,
570,guide dog,U+1F9AE,ğŸ¦®,,
571,service dog,U+1F415 U+200D U+1F9BA,ğŸ•â€ğŸ¦º,,
572,poodle,U+1F429,ğŸ©,,
573,wolf,U+1F43A,ğŸº,,
574,fox,U+1F98A,ğŸ¦Š,,
575,raccoon,U+1F99D,ğŸ¦,,
576,cat face,U+1F431,ğŸ±,,
577,cat,U+1F408,ğŸˆ,,
578,black cat,U+1F408 U+200D U+2B1B,ğŸˆâ€â¬›,,
579,lion,U+1F981,ğŸ¦,,
580,tiger face,U+1F42F,ğŸ¯,,
581,tiger,U+1F405,ğŸ…,,
582,leopard,U+1F406,ğŸ†,,
583,horse face,U+1F434,ğŸ´,,
â„–,CLDR Short Name,Code,Browser,,
584,moose,U+1FACE,ğŸ«,,
585,donkey,U+1FACF,ğŸ«,,
586,horse,U+1F40E,ğŸ,,
587,unicorn,U+1F984,ğŸ¦„,,
588,zebra,U+1F993,ğŸ¦“,,
589,deer,U+1F98C,ğŸ¦Œ,,
590,bison,U+1F9AC,ğŸ¦¬,,
591,cow face,U+1F42E,ğŸ®,,
592,ox,U+1F402,ğŸ‚,,
593,water buffalo,U+1F403,ğŸƒ,,
594,cow,U+1F404,ğŸ„,,
595,pig face,U+1F437,ğŸ·,,
596,pig,U+1F416,ğŸ–,,
597,boar,U+1F417,ğŸ—,,
598,pig nose,U+1F43D,ğŸ½,,
599,ram,U+1F40F,ğŸ,,
600,ewe,U+1F411,ğŸ‘,,
601,goat,U+1F410,ğŸ,,
602,camel,U+1F42A,ğŸª,,
603,two-hump camel,U+1F42B,ğŸ«,,
â„–,CLDR Short Name,Code,Browser,,
604,llama,U+1F999,ğŸ¦™,,
605,giraffe,U+1F992,ğŸ¦’,,
606,elephant,U+1F418,ğŸ˜,,
607,mammoth,U+1F9A3,ğŸ¦£,,
608,rhinoceros,U+1F98F,ğŸ¦,,
609,hippopotamus,U+1F99B,ğŸ¦›,,
610,mouse face,U+1F42D,ğŸ­,,
611,mouse,U+1F401,ğŸ,,
612,rat,U+1F400,ğŸ€,,
613,hamster,U+1F439,ğŸ¹,,
614,rabbit face,U+1F430,ğŸ°,,
615,rabbit,U+1F407,ğŸ‡,,
616,chipmunk,U+1F43F,ğŸ¿,,
617,beaver,U+1F9AB,ğŸ¦«,,
618,hedgehog,U+1F994,ğŸ¦”,,
619,bat,U+1F987,ğŸ¦‡,,
620,bear,U+1F43B,ğŸ»,,
621,polar bear,U+1F43B U+200D U+2744 U+FE0F,ğŸ»â€â„ï¸,,
622,koala,U+1F428,ğŸ¨,,
623,panda,U+1F43C,ğŸ¼,,
â„–,CLDR Short Name,Code,Browser,,
624,sloth,U+1F9A5,ğŸ¦¥,,
625,otter,U+1F9A6,ğŸ¦¦,,
626,skunk,U+1F9A8,ğŸ¦¨,,
627,kangaroo,U+1F998,ğŸ¦˜,,
628,badger,U+1F9A1,ğŸ¦¡,,
629,paw prints,U+1F43E,ğŸ¾,,
animal-bird,,,,,
â„–,CLDR Short Name,Code,Browser,,
630,turkey,U+1F983,ğŸ¦ƒ,,
631,chicken,U+1F414,ğŸ”,,
632,rooster,U+1F413,ğŸ“,,
633,hatching chick,U+1F423,ğŸ£,,
634,baby chick,U+1F424,ğŸ¤,,
635,front-facing baby chick,U+1F425,ğŸ¥,,
636,bird,U+1F426,ğŸ¦,,
637,penguin,U+1F427,ğŸ§,,
638,dove,U+1F54A,ğŸ•Š,,
639,eagle,U+1F985,ğŸ¦…,,
640,duck,U+1F986,ğŸ¦†,,
641,swan,U+1F9A2,ğŸ¦¢,,
642,owl,U+1F989,ğŸ¦‰,,
643,dodo,U+1F9A4,ğŸ¦¤,,
644,feather,U+1FAB6,ğŸª¶,,
645,flamingo,U+1F9A9,ğŸ¦©,,
646,peacock,U+1F99A,ğŸ¦š,,
647,parrot,U+1F99C,ğŸ¦œ,,
648,wing,U+1FABD,ğŸª½,,
649,black bird,U+1F426 U+200D U+2B1B,ğŸ¦â€â¬›,,
â„–,CLDR Short Name,Code,Browser,,
650,goose,U+1FABF,ğŸª¿,,
651,phoenix,U+1F426 U+200D U+1F525,ğŸ¦â€ğŸ”¥,,
animal-amphibian,,,,,
â„–,CLDR Short Name,Code,Browser,,
652,frog,U+1F438,ğŸ¸,,
animal-reptile,,,,,
â„–,CLDR Short Name,Code,Browser,,
653,crocodile,U+1F40A,ğŸŠ,,
654,turtle,U+1F422,ğŸ¢,,
655,lizard,U+1F98E,ğŸ¦,,
656,snake,U+1F40D,ğŸ,,
657,dragon face,U+1F432,ğŸ²,,
658,dragon,U+1F409,ğŸ‰,,
659,sauropod,U+1F995,ğŸ¦•,,
660,T-Rex,U+1F996,ğŸ¦–,,
animal-marine,,,,,
â„–,CLDR Short Name,Code,Browser,,
661,spouting whale,U+1F433,ğŸ³,,
662,whale,U+1F40B,ğŸ‹,,
663,dolphin,U+1F42C,ğŸ¬,,
664,âŠ› orca,U+1FACD,ğŸ«,,
665,seal,U+1F9AD,ğŸ¦­,,
666,fish,U+1F41F,ğŸŸ,,
667,tropical fish,U+1F420,ğŸ ,,
668,blowfish,U+1F421,ğŸ¡,,
669,shark,U+1F988,ğŸ¦ˆ,,
670,octopus,U+1F419,ğŸ™,,
671,spiral shell,U+1F41A,ğŸš,,
672,coral,U+1FAB8,ğŸª¸,,
673,jellyfish,U+1FABC,ğŸª¼,,
674,crab,U+1F980,ğŸ¦€,,
675,lobster,U+1F99E,ğŸ¦,,
676,shrimp,U+1F990,ğŸ¦,,
677,squid,U+1F991,ğŸ¦‘,,
678,oyster,U+1F9AA,ğŸ¦ª,,
animal-bug,,,,,
â„–,CLDR Short Name,Code,Browser,,
679,snail,U+1F40C,ğŸŒ,,
680,butterfly,U+1F98B,ğŸ¦‹,,
681,bug,U+1F41B,ğŸ›,,
682,ant,U+1F41C,ğŸœ,,
683,honeybee,U+1F41D,ğŸ,,
684,beetle,U+1FAB2,ğŸª²,,
685,lady beetle,U+1F41E,ğŸ,,
686,cricket,U+1F997,ğŸ¦—,,
687,cockroach,U+1FAB3,ğŸª³,,
688,spider,U+1F577,ğŸ•·,,
689,spider web,U+1F578,ğŸ•¸,,
690,scorpion,U+1F982,ğŸ¦‚,,
691,mosquito,U+1F99F,ğŸ¦Ÿ,,
692,fly,U+1FAB0,ğŸª°,,
693,worm,U+1FAB1,ğŸª±,,
694,microbe,U+1F9A0,ğŸ¦ ,,
plant-flower,,,,,
â„–,CLDR Short Name,Code,Browser,,
695,bouquet,U+1F490,ğŸ’,,
696,cherry blossom,U+1F338,ğŸŒ¸,,
697,white flower,U+1F4AE,ğŸ’®,,
698,lotus,U+1FAB7,ğŸª·,,
699,rosette,U+1F3F5,ğŸµ,,
700,rose,U+1F339,ğŸŒ¹,,
701,wilted flower,U+1F940,ğŸ¥€,,
702,hibiscus,U+1F33A,ğŸŒº,,
703,sunflower,U+1F33B,ğŸŒ»,,
704,blossom,U+1F33C,ğŸŒ¼,,
705,tulip,U+1F337,ğŸŒ·,,
706,hyacinth,U+1FABB,ğŸª»,,
plant-other,,,,,
â„–,CLDR Short Name,Code,Browser,,
707,seedling,U+1F331,ğŸŒ±,,
708,potted plant,U+1FAB4,ğŸª´,,
709,evergreen tree,U+1F332,ğŸŒ²,,
710,deciduous tree,U+1F333,ğŸŒ³,,
711,palm tree,U+1F334,ğŸŒ´,,
712,cactus,U+1F335,ğŸŒµ,,
713,sheaf of rice,U+1F33E,ğŸŒ¾,,
714,herb,U+1F33F,ğŸŒ¿,,
715,shamrock,U+2618,â˜˜,,
716,four leaf clover,U+1F340,ğŸ€,,
717,maple leaf,U+1F341,ğŸ,,
718,fallen leaf,U+1F342,ğŸ‚,,
719,leaf fluttering in wind,U+1F343,ğŸƒ,,
720,empty nest,U+1FAB9,ğŸª¹,,
721,nest with eggs,U+1FABA,ğŸªº,,
722,mushroom,U+1F344,ğŸ„,,
723,leafless tree,U+1FABE,ğŸª¾,,
Food & Drink,,,,,
food-fruit,,,,,
â„–,CLDR Short Name,Code,Browser,,
724,grapes,U+1F347,ğŸ‡,,
725,melon,U+1F348,ğŸˆ,,
726,watermelon,U+1F349,ğŸ‰,,
727,tangerine,U+1F34A,ğŸŠ,,
728,lemon,U+1F34B,ğŸ‹,,
729,lime,U+1F34B U+200D U+1F7E9,ğŸ‹â€ğŸŸ©,,
730,banana,U+1F34C,ğŸŒ,,
731,pineapple,U+1F34D,ğŸ,,
732,mango,U+1F96D,ğŸ¥­,,
733,red apple,U+1F34E,ğŸ,,
734,green apple,U+1F34F,ğŸ,,
735,pear,U+1F350,ğŸ,,
736,peach,U+1F351,ğŸ‘,,
737,cherries,U+1F352,ğŸ’,,
738,strawberry,U+1F353,ğŸ“,,
739,blueberries,U+1FAD0,ğŸ«,,
740,kiwi fruit,U+1F95D,ğŸ¥,,
741,tomato,U+1F345,ğŸ…,,
742,olive,U+1FAD2,ğŸ«’,,
743,coconut,U+1F965,ğŸ¥¥,,
food-vegetable,,,,,
â„–,CLDR Short Name,Code,Browser,,
744,avocado,U+1F951,ğŸ¥‘,,
745,eggplant,U+1F346,ğŸ†,,
746,potato,U+1F954,ğŸ¥”,,
747,carrot,U+1F955,ğŸ¥•,,
748,ear of corn,U+1F33D,ğŸŒ½,,
749,hot pepper,U+1F336,ğŸŒ¶,,
750,bell pepper,U+1FAD1,ğŸ«‘,,
751,cucumber,U+1F952,ğŸ¥’,,
752,leafy green,U+1F96C,ğŸ¥¬,,
753,broccoli,U+1F966,ğŸ¥¦,,
754,garlic,U+1F9C4,ğŸ§„,,
755,onion,U+1F9C5,ğŸ§…,,
756,peanuts,U+1F95C,ğŸ¥œ,,
757,beans,U+1FAD8,ğŸ«˜,,
758,chestnut,U+1F330,ğŸŒ°,,
759,ginger root,U+1FADA,ğŸ«š,,
760,pea pod,U+1FADB,ğŸ«›,,
761,brown mushroom,U+1F344 U+200D U+1F7EB,ğŸ„â€ğŸŸ«,,
762,root vegetable,U+1FADC,ğŸ«œ,,
food-prepared,,,,,
â„–,CLDR Short Name,Code,Browser,,
763,bread,U+1F35E,ğŸ,,
764,croissant,U+1F950,ğŸ¥,,
765,baguette bread,U+1F956,ğŸ¥–,,
766,flatbread,U+1FAD3,ğŸ«“,,
767,pretzel,U+1F968,ğŸ¥¨,,
768,bagel,U+1F96F,ğŸ¥¯,,
769,pancakes,U+1F95E,ğŸ¥,,
770,waffle,U+1F9C7,ğŸ§‡,,
771,cheese wedge,U+1F9C0,ğŸ§€,,
772,meat on bone,U+1F356,ğŸ–,,
773,poultry leg,U+1F357,ğŸ—,,
774,cut of meat,U+1F969,ğŸ¥©,,
775,bacon,U+1F953,ğŸ¥“,,
776,hamburger,U+1F354,ğŸ”,,
777,french fries,U+1F35F,ğŸŸ,,
778,pizza,U+1F355,ğŸ•,,
779,hot dog,U+1F32D,ğŸŒ­,,
780,sandwich,U+1F96A,ğŸ¥ª,,
781,taco,U+1F32E,ğŸŒ®,,
782,burrito,U+1F32F,ğŸŒ¯,,
â„–,CLDR Short Name,Code,Browser,,
783,tamale,U+1FAD4,ğŸ«”,,
784,stuffed flatbread,U+1F959,ğŸ¥™,,
785,falafel,U+1F9C6,ğŸ§†,,
786,egg,U+1F95A,ğŸ¥š,,
787,cooking,U+1F373,ğŸ³,,
788,shallow pan of food,U+1F958,ğŸ¥˜,,
789,pot of food,U+1F372,ğŸ²,,
790,fondue,U+1FAD5,ğŸ«•,,
791,bowl with spoon,U+1F963,ğŸ¥£,,
792,green salad,U+1F957,ğŸ¥—,,
793,popcorn,U+1F37F,ğŸ¿,,
794,butter,U+1F9C8,ğŸ§ˆ,,
795,salt,U+1F9C2,ğŸ§‚,,
796,canned food,U+1F96B,ğŸ¥«,,
food-asian,,,,,
â„–,CLDR Short Name,Code,Browser,,
797,bento box,U+1F371,ğŸ±,,
798,rice cracker,U+1F358,ğŸ˜,,
799,rice ball,U+1F359,ğŸ™,,
800,cooked rice,U+1F35A,ğŸš,,
801,curry rice,U+1F35B,ğŸ›,,
802,steaming bowl,U+1F35C,ğŸœ,,
803,spaghetti,U+1F35D,ğŸ,,
804,roasted sweet potato,U+1F360,ğŸ ,,
805,oden,U+1F362,ğŸ¢,,
806,sushi,U+1F363,ğŸ£,,
807,fried shrimp,U+1F364,ğŸ¤,,
808,fish cake with swirl,U+1F365,ğŸ¥,,
809,moon cake,U+1F96E,ğŸ¥®,,
810,dango,U+1F361,ğŸ¡,,
811,dumpling,U+1F95F,ğŸ¥Ÿ,,
812,fortune cookie,U+1F960,ğŸ¥ ,,
813,takeout box,U+1F961,ğŸ¥¡,,
food-sweet,,,,,
â„–,CLDR Short Name,Code,Browser,,
814,soft ice cream,U+1F366,ğŸ¦,,
815,shaved ice,U+1F367,ğŸ§,,
816,ice cream,U+1F368,ğŸ¨,,
817,doughnut,U+1F369,ğŸ©,,
818,cookie,U+1F36A,ğŸª,,
819,birthday cake,U+1F382,ğŸ‚,,
820,shortcake,U+1F370,ğŸ°,,
821,cupcake,U+1F9C1,ğŸ§,,
822,pie,U+1F967,ğŸ¥§,,
823,chocolate bar,U+1F36B,ğŸ«,,
824,candy,U+1F36C,ğŸ¬,,
825,lollipop,U+1F36D,ğŸ­,,
826,custard,U+1F36E,ğŸ®,,
827,honey pot,U+1F36F,ğŸ¯,,
drink,,,,,
â„–,CLDR Short Name,Code,Browser,,
828,baby bottle,U+1F37C,ğŸ¼,,
829,glass of milk,U+1F95B,ğŸ¥›,,
830,hot beverage,U+2615,â˜•,,
831,teapot,U+1FAD6,ğŸ«–,,
832,teacup without handle,U+1F375,ğŸµ,,
833,sake,U+1F376,ğŸ¶,,
834,bottle with popping cork,U+1F37E,ğŸ¾,,
835,wine glass,U+1F377,ğŸ·,,
836,cocktail glass,U+1F378,ğŸ¸,,
837,tropical drink,U+1F379,ğŸ¹,,
838,beer mug,U+1F37A,ğŸº,,
839,clinking beer mugs,U+1F37B,ğŸ»,,
840,clinking glasses,U+1F942,ğŸ¥‚,,
841,tumbler glass,U+1F943,ğŸ¥ƒ,,
842,pouring liquid,U+1FAD7,ğŸ«—,,
843,cup with straw,U+1F964,ğŸ¥¤,,
844,bubble tea,U+1F9CB,ğŸ§‹,,
845,beverage box,U+1F9C3,ğŸ§ƒ,,
846,mate,U+1F9C9,ğŸ§‰,,
847,ice,U+1F9CA,ğŸ§Š,,
dishware,,,,,
â„–,CLDR Short Name,Code,Browser,,
848,chopsticks,U+1F962,ğŸ¥¢,,
849,fork and knife with plate,U+1F37D,ğŸ½,,
850,fork and knife,U+1F374,ğŸ´,,
851,spoon,U+1F944,ğŸ¥„,,
852,kitchen knife,U+1F52A,ğŸ”ª,,
853,jar,U+1FAD9,ğŸ«™,,
854,amphora,U+1F3FA,ğŸº,,
Travel & Places,,,,,
place-map,,,,,
â„–,CLDR Short Name,Code,Browser,,
855,globe showing Europe-Africa,U+1F30D,ğŸŒ,,
856,globe showing Americas,U+1F30E,ğŸŒ,,
857,globe showing Asia-Australia,U+1F30F,ğŸŒ,,
858,globe with meridians,U+1F310,ğŸŒ,,
859,world map,U+1F5FA,ğŸ—º,,
860,map of Japan,U+1F5FE,ğŸ—¾,,
861,compass,U+1F9ED,ğŸ§­,,
place-geographic,,,,,
â„–,CLDR Short Name,Code,Browser,,
862,snow-capped mountain,U+1F3D4,ğŸ”,,
863,mountain,U+26F0,â›°,,
864,âŠ› landslide,U+1F6D8,ğŸ›˜,,
865,volcano,U+1F30B,ğŸŒ‹,,
866,mount fuji,U+1F5FB,ğŸ—»,,
867,camping,U+1F3D5,ğŸ•,,
868,beach with umbrella,U+1F3D6,ğŸ–,,
869,desert,U+1F3DC,ğŸœ,,
870,desert island,U+1F3DD,ğŸ,,
871,national park,U+1F3DE,ğŸ,,
place-building,,,,,
â„–,CLDR Short Name,Code,Browser,,
872,stadium,U+1F3DF,ğŸŸ,,
873,classical building,U+1F3DB,ğŸ›,,
874,building construction,U+1F3D7,ğŸ—,,
875,brick,U+1F9F1,ğŸ§±,,
876,rock,U+1FAA8,ğŸª¨,,
877,wood,U+1FAB5,ğŸªµ,,
878,hut,U+1F6D6,ğŸ›–,,
879,houses,U+1F3D8,ğŸ˜,,
880,derelict house,U+1F3DA,ğŸš,,
881,house,U+1F3E0,ğŸ ,,
882,house with garden,U+1F3E1,ğŸ¡,,
883,office building,U+1F3E2,ğŸ¢,,
884,Japanese post office,U+1F3E3,ğŸ£,,
885,post office,U+1F3E4,ğŸ¤,,
886,hospital,U+1F3E5,ğŸ¥,,
887,bank,U+1F3E6,ğŸ¦,,
888,hotel,U+1F3E8,ğŸ¨,,
889,love hotel,U+1F3E9,ğŸ©,,
890,convenience store,U+1F3EA,ğŸª,,
891,school,U+1F3EB,ğŸ«,,
â„–,CLDR Short Name,Code,Browser,,
892,department store,U+1F3EC,ğŸ¬,,
893,factory,U+1F3ED,ğŸ­,,
894,Japanese castle,U+1F3EF,ğŸ¯,,
895,castle,U+1F3F0,ğŸ°,,
896,wedding,U+1F492,ğŸ’’,,
897,Tokyo tower,U+1F5FC,ğŸ—¼,,
898,Statue of Liberty,U+1F5FD,ğŸ—½,,
place-religious,,,,,
â„–,CLDR Short Name,Code,Browser,,
899,church,U+26EA,â›ª,,
900,mosque,U+1F54C,ğŸ•Œ,,
901,hindu temple,U+1F6D5,ğŸ›•,,
902,synagogue,U+1F54D,ğŸ•,,
903,shinto shrine,U+26E9,â›©,,
904,kaaba,U+1F54B,ğŸ•‹,,
place-other,,,,,
â„–,CLDR Short Name,Code,Browser,,
905,fountain,U+26F2,â›²,,
906,tent,U+26FA,â›º,,
907,foggy,U+1F301,ğŸŒ,,
908,night with stars,U+1F303,ğŸŒƒ,,
909,cityscape,U+1F3D9,ğŸ™,,
910,sunrise over mountains,U+1F304,ğŸŒ„,,
911,sunrise,U+1F305,ğŸŒ…,,
912,cityscape at dusk,U+1F306,ğŸŒ†,,
913,sunset,U+1F307,ğŸŒ‡,,
914,bridge at night,U+1F309,ğŸŒ‰,,
915,hot springs,U+2668,â™¨,,
916,carousel horse,U+1F3A0,ğŸ ,,
917,playground slide,U+1F6DD,ğŸ›,,
918,ferris wheel,U+1F3A1,ğŸ¡,,
919,roller coaster,U+1F3A2,ğŸ¢,,
920,barber pole,U+1F488,ğŸ’ˆ,,
921,circus tent,U+1F3AA,ğŸª,,
transport-ground,,,,,
â„–,CLDR Short Name,Code,Browser,,
922,locomotive,U+1F682,ğŸš‚,,
923,railway car,U+1F683,ğŸšƒ,,
924,high-speed train,U+1F684,ğŸš„,,
925,bullet train,U+1F685,ğŸš…,,
926,train,U+1F686,ğŸš†,,
927,metro,U+1F687,ğŸš‡,,
928,light rail,U+1F688,ğŸšˆ,,
929,station,U+1F689,ğŸš‰,,
930,tram,U+1F68A,ğŸšŠ,,
931,monorail,U+1F69D,ğŸš,,
932,mountain railway,U+1F69E,ğŸš,,
933,tram car,U+1F68B,ğŸš‹,,
934,bus,U+1F68C,ğŸšŒ,,
935,oncoming bus,U+1F68D,ğŸš,,
936,trolleybus,U+1F68E,ğŸš,,
937,minibus,U+1F690,ğŸš,,
938,ambulance,U+1F691,ğŸš‘,,
939,fire engine,U+1F692,ğŸš’,,
940,police car,U+1F693,ğŸš“,,
941,oncoming police car,U+1F694,ğŸš”,,
â„–,CLDR Short Name,Code,Browser,,
942,taxi,U+1F695,ğŸš•,,
943,oncoming taxi,U+1F696,ğŸš–,,
944,automobile,U+1F697,ğŸš—,,
945,oncoming automobile,U+1F698,ğŸš˜,,
946,sport utility vehicle,U+1F699,ğŸš™,,
947,pickup truck,U+1F6FB,ğŸ›»,,
948,delivery truck,U+1F69A,ğŸšš,,
949,articulated lorry,U+1F69B,ğŸš›,,
950,tractor,U+1F69C,ğŸšœ,,
951,racing car,U+1F3CE,ğŸ,,
952,motorcycle,U+1F3CD,ğŸ,,
953,motor scooter,U+1F6F5,ğŸ›µ,,
954,manual wheelchair,U+1F9BD,ğŸ¦½,,
955,motorized wheelchair,U+1F9BC,ğŸ¦¼,,
956,auto rickshaw,U+1F6FA,ğŸ›º,,
957,bicycle,U+1F6B2,ğŸš²,,
958,kick scooter,U+1F6F4,ğŸ›´,,
959,skateboard,U+1F6F9,ğŸ›¹,,
960,roller skate,U+1F6FC,ğŸ›¼,,
961,bus stop,U+1F68F,ğŸš,,
â„–,CLDR Short Name,Code,Browser,,
962,motorway,U+1F6E3,ğŸ›£,,
963,railway track,U+1F6E4,ğŸ›¤,,
964,oil drum,U+1F6E2,ğŸ›¢,,
965,fuel pump,U+26FD,â›½,,
966,wheel,U+1F6DE,ğŸ›,,
967,police car light,U+1F6A8,ğŸš¨,,
968,horizontal traffic light,U+1F6A5,ğŸš¥,,
969,vertical traffic light,U+1F6A6,ğŸš¦,,
970,stop sign,U+1F6D1,ğŸ›‘,,
971,construction,U+1F6A7,ğŸš§,,
transport-water,,,,,
â„–,CLDR Short Name,Code,Browser,,
972,anchor,U+2693,âš“,,
973,ring buoy,U+1F6DF,ğŸ›Ÿ,,
974,sailboat,U+26F5,â›µ,,
975,canoe,U+1F6F6,ğŸ›¶,,
976,speedboat,U+1F6A4,ğŸš¤,,
977,passenger ship,U+1F6F3,ğŸ›³,,
978,ferry,U+26F4,â›´,,
979,motor boat,U+1F6E5,ğŸ›¥,,
980,ship,U+1F6A2,ğŸš¢,,
transport-air,,,,,
â„–,CLDR Short Name,Code,Browser,,
981,airplane,U+2708,âœˆ,,
982,small airplane,U+1F6E9,ğŸ›©,,
983,airplane departure,U+1F6EB,ğŸ›«,,
984,airplane arrival,U+1F6EC,ğŸ›¬,,
985,parachute,U+1FA82,ğŸª‚,,
986,seat,U+1F4BA,ğŸ’º,,
987,helicopter,U+1F681,ğŸš,,
988,suspension railway,U+1F69F,ğŸšŸ,,
989,mountain cableway,U+1F6A0,ğŸš ,,
990,aerial tramway,U+1F6A1,ğŸš¡,,
991,satellite,U+1F6F0,ğŸ›°,,
992,rocket,U+1F680,ğŸš€,,
993,flying saucer,U+1F6F8,ğŸ›¸,,
hotel,,,,,
â„–,CLDR Short Name,Code,Browser,,
994,bellhop bell,U+1F6CE,ğŸ›,,
995,luggage,U+1F9F3,ğŸ§³,,
time,,,,,
â„–,CLDR Short Name,Code,Browser,,
996,hourglass done,U+231B,âŒ›,,
997,hourglass not done,U+23F3,â³,,
998,watch,U+231A,âŒš,,
999,alarm clock,U+23F0,â°,,
1000,stopwatch,U+23F1,â±,,
1001,timer clock,U+23F2,â²,,
1002,mantelpiece clock,U+1F570,ğŸ•°,,
1003,twelve oâ€™clock,U+1F55B,ğŸ•›,,
1004,twelve-thirty,U+1F567,ğŸ•§,,
1005,one oâ€™clock,U+1F550,ğŸ•,,
1006,one-thirty,U+1F55C,ğŸ•œ,,
1007,two oâ€™clock,U+1F551,ğŸ•‘,,
1008,two-thirty,U+1F55D,ğŸ•,,
1009,three oâ€™clock,U+1F552,ğŸ•’,,
1010,three-thirty,U+1F55E,ğŸ•,,
1011,four oâ€™clock,U+1F553,ğŸ•“,,
1012,four-thirty,U+1F55F,ğŸ•Ÿ,,
1013,five oâ€™clock,U+1F554,ğŸ•”,,
1014,five-thirty,U+1F560,ğŸ• ,,
1015,six oâ€™clock,U+1F555,ğŸ••,,
â„–,CLDR Short Name,Code,Browser,,
1016,six-thirty,U+1F561,ğŸ•¡,,
1017,seven oâ€™clock,U+1F556,ğŸ•–,,
1018,seven-thirty,U+1F562,ğŸ•¢,,
1019,eight oâ€™clock,U+1F557,ğŸ•—,,
1020,eight-thirty,U+1F563,ğŸ•£,,
1021,nine oâ€™clock,U+1F558,ğŸ•˜,,
1022,nine-thirty,U+1F564,ğŸ•¤,,
1023,ten oâ€™clock,U+1F559,ğŸ•™,,
1024,ten-thirty,U+1F565,ğŸ•¥,,
1025,eleven oâ€™clock,U+1F55A,ğŸ•š,,
1026,eleven-thirty,U+1F566,ğŸ•¦,,
sky & weather,,,,,
â„–,CLDR Short Name,Code,Browser,,
1027,new moon,U+1F311,ğŸŒ‘,,
1028,waxing crescent moon,U+1F312,ğŸŒ’,,
1029,first quarter moon,U+1F313,ğŸŒ“,,
1030,waxing gibbous moon,U+1F314,ğŸŒ”,,
1031,full moon,U+1F315,ğŸŒ•,,
1032,waning gibbous moon,U+1F316,ğŸŒ–,,
1033,last quarter moon,U+1F317,ğŸŒ—,,
1034,waning crescent moon,U+1F318,ğŸŒ˜,,
1035,crescent moon,U+1F319,ğŸŒ™,,
1036,new moon face,U+1F31A,ğŸŒš,,
1037,first quarter moon face,U+1F31B,ğŸŒ›,,
1038,last quarter moon face,U+1F31C,ğŸŒœ,,
1039,thermometer,U+1F321,ğŸŒ¡,,
1040,sun,U+2600,â˜€,,
1041,full moon face,U+1F31D,ğŸŒ,,
1042,sun with face,U+1F31E,ğŸŒ,,
1043,ringed planet,U+1FA90,ğŸª,,
1044,star,U+2B50,â­,,
1045,glowing star,U+1F31F,ğŸŒŸ,,
1046,shooting star,U+1F320,ğŸŒ ,,
â„–,CLDR Short Name,Code,Browser,,
1047,milky way,U+1F30C,ğŸŒŒ,,
1048,cloud,U+2601,â˜,,
1049,sun behind cloud,U+26C5,â›…,,
1050,cloud with lightning and rain,U+26C8,â›ˆ,,
1051,sun behind small cloud,U+1F324,ğŸŒ¤,,
1052,sun behind large cloud,U+1F325,ğŸŒ¥,,
1053,sun behind rain cloud,U+1F326,ğŸŒ¦,,
1054,cloud with rain,U+1F327,ğŸŒ§,,
1055,cloud with snow,U+1F328,ğŸŒ¨,,
1056,cloud with lightning,U+1F329,ğŸŒ©,,
1057,tornado,U+1F32A,ğŸŒª,,
1058,fog,U+1F32B,ğŸŒ«,,
1059,wind face,U+1F32C,ğŸŒ¬,,
1060,cyclone,U+1F300,ğŸŒ€,,
1061,rainbow,U+1F308,ğŸŒˆ,,
1062,closed umbrella,U+1F302,ğŸŒ‚,,
1063,umbrella,U+2602,â˜‚,,
1064,umbrella with rain drops,U+2614,â˜”,,
1065,umbrella on ground,U+26F1,â›±,,
1066,high voltage,U+26A1,âš¡,,
â„–,CLDR Short Name,Code,Browser,,
1067,snowflake,U+2744,â„,,
1068,snowman,U+2603,â˜ƒ,,
1069,snowman without snow,U+26C4,â›„,,
1070,comet,U+2604,â˜„,,
1071,fire,U+1F525,ğŸ”¥,,
1072,droplet,U+1F4A7,ğŸ’§,,
1073,water wave,U+1F30A,ğŸŒŠ,,
Activities,,,,,
event,,,,,
â„–,CLDR Short Name,Code,Browser,,
1074,jack-o-lantern,U+1F383,ğŸƒ,,
1075,Christmas tree,U+1F384,ğŸ„,,
1076,fireworks,U+1F386,ğŸ†,,
1077,sparkler,U+1F387,ğŸ‡,,
1078,firecracker,U+1F9E8,ğŸ§¨,,
1079,sparkles,U+2728,âœ¨,,
1080,balloon,U+1F388,ğŸˆ,,
1081,party popper,U+1F389,ğŸ‰,,
1082,confetti ball,U+1F38A,ğŸŠ,,
1083,tanabata tree,U+1F38B,ğŸ‹,,
1084,pine decoration,U+1F38D,ğŸ,,
1085,Japanese dolls,U+1F38E,ğŸ,,
1086,carp streamer,U+1F38F,ğŸ,,
1087,wind chime,U+1F390,ğŸ,,
1088,moon viewing ceremony,U+1F391,ğŸ‘,,
1089,red envelope,U+1F9E7,ğŸ§§,,
1090,ribbon,U+1F380,ğŸ€,,
1091,wrapped gift,U+1F381,ğŸ,,
1092,reminder ribbon,U+1F397,ğŸ—,,
1093,admission tickets,U+1F39F,ğŸŸ,,
â„–,CLDR Short Name,Code,Browser,,
1094,ticket,U+1F3AB,ğŸ«,,
award-medal,,,,,
â„–,CLDR Short Name,Code,Browser,,
1095,military medal,U+1F396,ğŸ–,,
1096,trophy,U+1F3C6,ğŸ†,,
1097,sports medal,U+1F3C5,ğŸ…,,
1098,1st place medal,U+1F947,ğŸ¥‡,,
1099,2nd place medal,U+1F948,ğŸ¥ˆ,,
1100,3rd place medal,U+1F949,ğŸ¥‰,,
sport,,,,,
â„–,CLDR Short Name,Code,Browser,,
1101,soccer ball,U+26BD,âš½,,
1102,baseball,U+26BE,âš¾,,
1103,softball,U+1F94E,ğŸ¥,,
1104,basketball,U+1F3C0,ğŸ€,,
1105,volleyball,U+1F3D0,ğŸ,,
1106,american football,U+1F3C8,ğŸˆ,,
1107,rugby football,U+1F3C9,ğŸ‰,,
1108,tennis,U+1F3BE,ğŸ¾,,
1109,flying disc,U+1F94F,ğŸ¥,,
1110,bowling,U+1F3B3,ğŸ³,,
1111,cricket game,U+1F3CF,ğŸ,,
1112,field hockey,U+1F3D1,ğŸ‘,,
1113,ice hockey,U+1F3D2,ğŸ’,,
1114,lacrosse,U+1F94D,ğŸ¥,,
1115,ping pong,U+1F3D3,ğŸ“,,
1116,badminton,U+1F3F8,ğŸ¸,,
1117,boxing glove,U+1F94A,ğŸ¥Š,,
1118,martial arts uniform,U+1F94B,ğŸ¥‹,,
1119,goal net,U+1F945,ğŸ¥…,,
1120,flag in hole,U+26F3,â›³,,
â„–,CLDR Short Name,Code,Browser,,
1121,ice skate,U+26F8,â›¸,,
1122,fishing pole,U+1F3A3,ğŸ£,,
1123,diving mask,U+1F93F,ğŸ¤¿,,
1124,running shirt,U+1F3BD,ğŸ½,,
1125,skis,U+1F3BF,ğŸ¿,,
1126,sled,U+1F6F7,ğŸ›·,,
1127,curling stone,U+1F94C,ğŸ¥Œ,,
game,,,,,
â„–,CLDR Short Name,Code,Browser,,
1128,bullseye,U+1F3AF,ğŸ¯,,
1129,yo-yo,U+1FA80,ğŸª€,,
1130,kite,U+1FA81,ğŸª,,
1131,water pistol,U+1F52B,ğŸ”«,,
1132,pool 8 ball,U+1F3B1,ğŸ±,,
1133,crystal ball,U+1F52E,ğŸ”®,,
1134,magic wand,U+1FA84,ğŸª„,,
1135,video game,U+1F3AE,ğŸ®,,
1136,joystick,U+1F579,ğŸ•¹,,
1137,slot machine,U+1F3B0,ğŸ°,,
1138,game die,U+1F3B2,ğŸ²,,
1139,puzzle piece,U+1F9E9,ğŸ§©,,
1140,teddy bear,U+1F9F8,ğŸ§¸,,
1141,piÃ±ata,U+1FA85,ğŸª…,,
1142,mirror ball,U+1FAA9,ğŸª©,,
1143,nesting dolls,U+1FA86,ğŸª†,,
1144,spade suit,U+2660,â™ ,,
1145,heart suit,U+2665,â™¥,,
1146,diamond suit,U+2666,â™¦,,
1147,club suit,U+2663,â™£,,
â„–,CLDR Short Name,Code,Browser,,
1148,chess pawn,U+265F,â™Ÿ,,
1149,joker,U+1F0CF,ğŸƒ,,
1150,mahjong red dragon,U+1F004,ğŸ€„,,
1151,flower playing cards,U+1F3B4,ğŸ´,,
arts & crafts,,,,,
â„–,CLDR Short Name,Code,Browser,,
1152,performing arts,U+1F3AD,ğŸ­,,
1153,framed picture,U+1F5BC,ğŸ–¼,,
1154,artist palette,U+1F3A8,ğŸ¨,,
1155,thread,U+1F9F5,ğŸ§µ,,
1156,sewing needle,U+1FAA1,ğŸª¡,,
1157,yarn,U+1F9F6,ğŸ§¶,,
1158,knot,U+1FAA2,ğŸª¢,,
Objects,,,,,
clothing,,,,,
â„–,CLDR Short Name,Code,Browser,,
1159,glasses,U+1F453,ğŸ‘“,,
1160,sunglasses,U+1F576,ğŸ•¶,,
1161,goggles,U+1F97D,ğŸ¥½,,
1162,lab coat,U+1F97C,ğŸ¥¼,,
1163,safety vest,U+1F9BA,ğŸ¦º,,
1164,necktie,U+1F454,ğŸ‘”,,
1165,t-shirt,U+1F455,ğŸ‘•,,
1166,jeans,U+1F456,ğŸ‘–,,
1167,scarf,U+1F9E3,ğŸ§£,,
1168,gloves,U+1F9E4,ğŸ§¤,,
1169,coat,U+1F9E5,ğŸ§¥,,
1170,socks,U+1F9E6,ğŸ§¦,,
1171,dress,U+1F457,ğŸ‘—,,
1172,kimono,U+1F458,ğŸ‘˜,,
1173,sari,U+1F97B,ğŸ¥»,,
1174,one-piece swimsuit,U+1FA71,ğŸ©±,,
1175,briefs,U+1FA72,ğŸ©²,,
1176,shorts,U+1FA73,ğŸ©³,,
1177,bikini,U+1F459,ğŸ‘™,,
1178,womanâ€™s clothes,U+1F45A,ğŸ‘š,,
â„–,CLDR Short Name,Code,Browser,,
1179,folding hand fan,U+1FAAD,ğŸª­,,
1180,purse,U+1F45B,ğŸ‘›,,
1181,handbag,U+1F45C,ğŸ‘œ,,
1182,clutch bag,U+1F45D,ğŸ‘,,
1183,shopping bags,U+1F6CD,ğŸ›,,
1184,backpack,U+1F392,ğŸ’,,
1185,thong sandal,U+1FA74,ğŸ©´,,
1186,manâ€™s shoe,U+1F45E,ğŸ‘,,
1187,running shoe,U+1F45F,ğŸ‘Ÿ,,
1188,hiking boot,U+1F97E,ğŸ¥¾,,
1189,flat shoe,U+1F97F,ğŸ¥¿,,
1190,high-heeled shoe,U+1F460,ğŸ‘ ,,
1191,womanâ€™s sandal,U+1F461,ğŸ‘¡,,
1192,ballet shoes,U+1FA70,ğŸ©°,,
1193,womanâ€™s boot,U+1F462,ğŸ‘¢,,
1194,hair pick,U+1FAAE,ğŸª®,,
1195,crown,U+1F451,ğŸ‘‘,,
1196,womanâ€™s hat,U+1F452,ğŸ‘’,,
1197,top hat,U+1F3A9,ğŸ©,,
1198,graduation cap,U+1F393,ğŸ“,,
â„–,CLDR Short Name,Code,Browser,,
1199,billed cap,U+1F9E2,ğŸ§¢,,
1200,military helmet,U+1FA96,ğŸª–,,
1201,rescue workerâ€™s helmet,U+26D1,â›‘,,
1202,prayer beads,U+1F4FF,ğŸ“¿,,
1203,lipstick,U+1F484,ğŸ’„,,
1204,ring,U+1F48D,ğŸ’,,
1205,gem stone,U+1F48E,ğŸ’,,
sound,,,,,
â„–,CLDR Short Name,Code,Browser,,
1206,muted speaker,U+1F507,ğŸ”‡,,
1207,speaker low volume,U+1F508,ğŸ”ˆ,,
1208,speaker medium volume,U+1F509,ğŸ”‰,,
1209,speaker high volume,U+1F50A,ğŸ”Š,,
1210,loudspeaker,U+1F4E2,ğŸ“¢,,
1211,megaphone,U+1F4E3,ğŸ“£,,
1212,postal horn,U+1F4EF,ğŸ“¯,,
1213,bell,U+1F514,ğŸ””,,
1214,bell with slash,U+1F515,ğŸ”•,,
music,,,,,
â„–,CLDR Short Name,Code,Browser,,
1215,musical score,U+1F3BC,ğŸ¼,,
1216,musical note,U+1F3B5,ğŸµ,,
1217,musical notes,U+1F3B6,ğŸ¶,,
1218,studio microphone,U+1F399,ğŸ™,,
1219,level slider,U+1F39A,ğŸš,,
1220,control knobs,U+1F39B,ğŸ›,,
1221,microphone,U+1F3A4,ğŸ¤,,
1222,headphone,U+1F3A7,ğŸ§,,
1223,radio,U+1F4FB,ğŸ“»,,
musical-instrument,,,,,
â„–,CLDR Short Name,Code,Browser,,
1224,saxophone,U+1F3B7,ğŸ·,,
1225,trumpet,U+1F3BA,ğŸº,,
1226,âŠ› trombone,U+1FA8A,ğŸªŠ,,
1227,accordion,U+1FA97,ğŸª—,,
1228,guitar,U+1F3B8,ğŸ¸,,
1229,musical keyboard,U+1F3B9,ğŸ¹,,
1230,violin,U+1F3BB,ğŸ»,,
1231,banjo,U+1FA95,ğŸª•,,
1232,drum,U+1F941,ğŸ¥,,
1233,long drum,U+1FA98,ğŸª˜,,
1234,maracas,U+1FA87,ğŸª‡,,
1235,flute,U+1FA88,ğŸªˆ,,
1236,harp,U+1FA89,ğŸª‰,,
phone,,,,,
â„–,CLDR Short Name,Code,Browser,,
1237,mobile phone,U+1F4F1,ğŸ“±,,
1238,mobile phone with arrow,U+1F4F2,ğŸ“²,,
1239,telephone,U+260E,â˜,,
1240,telephone receiver,U+1F4DE,ğŸ“,,
1241,pager,U+1F4DF,ğŸ“Ÿ,,
1242,fax machine,U+1F4E0,ğŸ“ ,,
computer,,,,,
â„–,CLDR Short Name,Code,Browser,,
1243,battery,U+1F50B,ğŸ”‹,,
1244,low battery,U+1FAAB,ğŸª«,,
1245,electric plug,U+1F50C,ğŸ”Œ,,
1246,laptop,U+1F4BB,ğŸ’»,,
1247,desktop computer,U+1F5A5,ğŸ–¥,,
1248,printer,U+1F5A8,ğŸ–¨,,
1249,keyboard,U+2328,âŒ¨,,
1250,computer mouse,U+1F5B1,ğŸ–±,,
1251,trackball,U+1F5B2,ğŸ–²,,
1252,computer disk,U+1F4BD,ğŸ’½,,
1253,floppy disk,U+1F4BE,ğŸ’¾,,
1254,optical disk,U+1F4BF,ğŸ’¿,,
1255,dvd,U+1F4C0,ğŸ“€,,
1256,abacus,U+1F9EE,ğŸ§®,,
light & video,,,,,
â„–,CLDR Short Name,Code,Browser,,
1257,movie camera,U+1F3A5,ğŸ¥,,
1258,film frames,U+1F39E,ğŸ,,
1259,film projector,U+1F4FD,ğŸ“½,,
1260,clapper board,U+1F3AC,ğŸ¬,,
1261,television,U+1F4FA,ğŸ“º,,
1262,camera,U+1F4F7,ğŸ“·,,
1263,camera with flash,U+1F4F8,ğŸ“¸,,
1264,video camera,U+1F4F9,ğŸ“¹,,
1265,videocassette,U+1F4FC,ğŸ“¼,,
1266,magnifying glass tilted left,U+1F50D,ğŸ”,,
1267,magnifying glass tilted right,U+1F50E,ğŸ”,,
1268,candle,U+1F56F,ğŸ•¯,,
1269,light bulb,U+1F4A1,ğŸ’¡,,
1270,flashlight,U+1F526,ğŸ”¦,,
1271,red paper lantern,U+1F3EE,ğŸ®,,
1272,diya lamp,U+1FA94,ğŸª”,,
book-paper,,,,,
â„–,CLDR Short Name,Code,Browser,,
1273,notebook with decorative cover,U+1F4D4,ğŸ“”,,
1274,closed book,U+1F4D5,ğŸ“•,,
1275,open book,U+1F4D6,ğŸ“–,,
1276,green book,U+1F4D7,ğŸ“—,,
1277,blue book,U+1F4D8,ğŸ“˜,,
1278,orange book,U+1F4D9,ğŸ“™,,
1279,books,U+1F4DA,ğŸ“š,,
1280,notebook,U+1F4D3,ğŸ““,,
1281,ledger,U+1F4D2,ğŸ“’,,
1282,page with curl,U+1F4C3,ğŸ“ƒ,,
1283,scroll,U+1F4DC,ğŸ“œ,,
1284,page facing up,U+1F4C4,ğŸ“„,,
1285,newspaper,U+1F4F0,ğŸ“°,,
1286,rolled-up newspaper,U+1F5DE,ğŸ—,,
1287,bookmark tabs,U+1F4D1,ğŸ“‘,,
1288,bookmark,U+1F516,ğŸ”–,,
1289,label,U+1F3F7,ğŸ·,,
money,,,,,
â„–,CLDR Short Name,Code,Browser,,
1290,coin,U+1FA99,ğŸª™,,
1291,money bag,U+1F4B0,ğŸ’°,,
1292,âŠ› treasure chest,U+1FA8E,ğŸª,,
1293,yen banknote,U+1F4B4,ğŸ’´,,
1294,dollar banknote,U+1F4B5,ğŸ’µ,,
1295,euro banknote,U+1F4B6,ğŸ’¶,,
1296,pound banknote,U+1F4B7,ğŸ’·,,
1297,money with wings,U+1F4B8,ğŸ’¸,,
1298,credit card,U+1F4B3,ğŸ’³,,
1299,receipt,U+1F9FE,ğŸ§¾,,
1300,chart increasing with yen,U+1F4B9,ğŸ’¹,,
mail,,,,,
â„–,CLDR Short Name,Code,Browser,,
1301,envelope,U+2709,âœ‰,,
1302,e-mail,U+1F4E7,ğŸ“§,,
1303,incoming envelope,U+1F4E8,ğŸ“¨,,
1304,envelope with arrow,U+1F4E9,ğŸ“©,,
1305,outbox tray,U+1F4E4,ğŸ“¤,,
1306,inbox tray,U+1F4E5,ğŸ“¥,,
1307,package,U+1F4E6,ğŸ“¦,,
1308,closed mailbox with raised flag,U+1F4EB,ğŸ“«,,
1309,closed mailbox with lowered flag,U+1F4EA,ğŸ“ª,,
1310,open mailbox with raised flag,U+1F4EC,ğŸ“¬,,
1311,open mailbox with lowered flag,U+1F4ED,ğŸ“­,,
1312,postbox,U+1F4EE,ğŸ“®,,
1313,ballot box with ballot,U+1F5F3,ğŸ—³,,
writing,,,,,
â„–,CLDR Short Name,Code,Browser,,
1314,pencil,U+270F,âœ,,
1315,black nib,U+2712,âœ’,,
1316,fountain pen,U+1F58B,ğŸ–‹,,
1317,pen,U+1F58A,ğŸ–Š,,
1318,paintbrush,U+1F58C,ğŸ–Œ,,
1319,crayon,U+1F58D,ğŸ–,,
1320,memo,U+1F4DD,ğŸ“,,
office,,,,,
â„–,CLDR Short Name,Code,Browser,,
1321,briefcase,U+1F4BC,ğŸ’¼,,
1322,file folder,U+1F4C1,ğŸ“,,
1323,open file folder,U+1F4C2,ğŸ“‚,,
1324,card index dividers,U+1F5C2,ğŸ—‚,,
1325,calendar,U+1F4C5,ğŸ“…,,
1326,tear-off calendar,U+1F4C6,ğŸ“†,,
1327,spiral notepad,U+1F5D2,ğŸ—’,,
1328,spiral calendar,U+1F5D3,ğŸ—“,,
1329,card index,U+1F4C7,ğŸ“‡,,
1330,chart increasing,U+1F4C8,ğŸ“ˆ,,
1331,chart decreasing,U+1F4C9,ğŸ“‰,,
1332,bar chart,U+1F4CA,ğŸ“Š,,
1333,clipboard,U+1F4CB,ğŸ“‹,,
1334,pushpin,U+1F4CC,ğŸ“Œ,,
1335,round pushpin,U+1F4CD,ğŸ“,,
1336,paperclip,U+1F4CE,ğŸ“,,
1337,linked paperclips,U+1F587,ğŸ–‡,,
1338,straight ruler,U+1F4CF,ğŸ“,,
1339,triangular ruler,U+1F4D0,ğŸ“,,
1340,scissors,U+2702,âœ‚,,
â„–,CLDR Short Name,Code,Browser,,
1341,card file box,U+1F5C3,ğŸ—ƒ,,
1342,file cabinet,U+1F5C4,ğŸ—„,,
1343,wastebasket,U+1F5D1,ğŸ—‘,,
lock,,,,,
â„–,CLDR Short Name,Code,Browser,,
1344,locked,U+1F512,ğŸ”’,,
1345,unlocked,U+1F513,ğŸ”“,,
1346,locked with pen,U+1F50F,ğŸ”,,
1347,locked with key,U+1F510,ğŸ”,,
1348,key,U+1F511,ğŸ”‘,,
1349,old key,U+1F5DD,ğŸ—,,
tool,,,,,
â„–,CLDR Short Name,Code,Browser,,
1350,hammer,U+1F528,ğŸ”¨,,
1351,axe,U+1FA93,ğŸª“,,
1352,pick,U+26CF,â›,,
1353,hammer and pick,U+2692,âš’,,
1354,hammer and wrench,U+1F6E0,ğŸ› ,,
1355,dagger,U+1F5E1,ğŸ—¡,,
1356,crossed swords,U+2694,âš”,,
1357,bomb,U+1F4A3,ğŸ’£,,
1358,boomerang,U+1FA83,ğŸªƒ,,
1359,bow and arrow,U+1F3F9,ğŸ¹,,
1360,shield,U+1F6E1,ğŸ›¡,,
1361,carpentry saw,U+1FA9A,ğŸªš,,
1362,wrench,U+1F527,ğŸ”§,,
1363,screwdriver,U+1FA9B,ğŸª›,,
1364,nut and bolt,U+1F529,ğŸ”©,,
1365,gear,U+2699,âš™,,
1366,clamp,U+1F5DC,ğŸ—œ,,
1367,balance scale,U+2696,âš–,,
1368,white cane,U+1F9AF,ğŸ¦¯,,
1369,link,U+1F517,ğŸ”—,,
â„–,CLDR Short Name,Code,Browser,,
1370,broken chain,U+26D3 U+FE0F U+200D U+1F4A5,â›“ï¸â€ğŸ’¥,,
1371,chains,U+26D3,â›“,,
1372,hook,U+1FA9D,ğŸª,,
1373,toolbox,U+1F9F0,ğŸ§°,,
1374,magnet,U+1F9F2,ğŸ§²,,
1375,ladder,U+1FA9C,ğŸªœ,,
1376,shovel,U+1FA8F,ğŸª,,
science,,,,,
â„–,CLDR Short Name,Code,Browser,,
1377,alembic,U+2697,âš—,,
1378,test tube,U+1F9EA,ğŸ§ª,,
1379,petri dish,U+1F9EB,ğŸ§«,,
1380,dna,U+1F9EC,ğŸ§¬,,
1381,microscope,U+1F52C,ğŸ”¬,,
1382,telescope,U+1F52D,ğŸ”­,,
1383,satellite antenna,U+1F4E1,ğŸ“¡,,
medical,,,,,
â„–,CLDR Short Name,Code,Browser,,
1384,syringe,U+1F489,ğŸ’‰,,
1385,drop of blood,U+1FA78,ğŸ©¸,,
1386,pill,U+1F48A,ğŸ’Š,,
1387,adhesive bandage,U+1FA79,ğŸ©¹,,
1388,crutch,U+1FA7C,ğŸ©¼,,
1389,stethoscope,U+1FA7A,ğŸ©º,,
1390,x-ray,U+1FA7B,ğŸ©»,,
household,,,,,
â„–,CLDR Short Name,Code,Browser,,
1391,door,U+1F6AA,ğŸšª,,
1392,elevator,U+1F6D7,ğŸ›—,,
1393,mirror,U+1FA9E,ğŸª,,
1394,window,U+1FA9F,ğŸªŸ,,
1395,bed,U+1F6CF,ğŸ›,,
1396,couch and lamp,U+1F6CB,ğŸ›‹,,
1397,chair,U+1FA91,ğŸª‘,,
1398,toilet,U+1F6BD,ğŸš½,,
1399,plunger,U+1FAA0,ğŸª ,,
1400,shower,U+1F6BF,ğŸš¿,,
1401,bathtub,U+1F6C1,ğŸ›,,
1402,mouse trap,U+1FAA4,ğŸª¤,,
1403,razor,U+1FA92,ğŸª’,,
1404,lotion bottle,U+1F9F4,ğŸ§´,,
1405,safety pin,U+1F9F7,ğŸ§·,,
1406,broom,U+1F9F9,ğŸ§¹,,
1407,basket,U+1F9FA,ğŸ§º,,
1408,roll of paper,U+1F9FB,ğŸ§»,,
1409,bucket,U+1FAA3,ğŸª£,,
1410,soap,U+1F9FC,ğŸ§¼,,
â„–,CLDR Short Name,Code,Browser,,
1411,bubbles,U+1FAE7,ğŸ«§,,
1412,toothbrush,U+1FAA5,ğŸª¥,,
1413,sponge,U+1F9FD,ğŸ§½,,
1414,fire extinguisher,U+1F9EF,ğŸ§¯,,
1415,shopping cart,U+1F6D2,ğŸ›’,,
other-object,,,,,
â„–,CLDR Short Name,Code,Browser,,
1416,cigarette,U+1F6AC,ğŸš¬,,
1417,coffin,U+26B0,âš°,,
1418,headstone,U+1FAA6,ğŸª¦,,
1419,funeral urn,U+26B1,âš±,,
1420,nazar amulet,U+1F9FF,ğŸ§¿,,
1421,hamsa,U+1FAAC,ğŸª¬,,
1422,moai,U+1F5FF,ğŸ—¿,,
1423,placard,U+1FAA7,ğŸª§,,
1424,identification card,U+1FAAA,ğŸªª,,
Symbols,,,,,
transport-sign,,,,,
â„–,CLDR Short Name,Code,Browser,,
1425,ATM sign,U+1F3E7,ğŸ§,,
1426,litter in bin sign,U+1F6AE,ğŸš®,,
1427,potable water,U+1F6B0,ğŸš°,,
1428,wheelchair symbol,U+267F,â™¿,,
1429,menâ€™s room,U+1F6B9,ğŸš¹,,
1430,womenâ€™s room,U+1F6BA,ğŸšº,,
1431,restroom,U+1F6BB,ğŸš»,,
1432,baby symbol,U+1F6BC,ğŸš¼,,
1433,water closet,U+1F6BE,ğŸš¾,,
1434,passport control,U+1F6C2,ğŸ›‚,,
1435,customs,U+1F6C3,ğŸ›ƒ,,
1436,baggage claim,U+1F6C4,ğŸ›„,,
1437,left luggage,U+1F6C5,ğŸ›…,,
warning,,,,,
â„–,CLDR Short Name,Code,Browser,,
1438,warning,U+26A0,âš ,,
1439,children crossing,U+1F6B8,ğŸš¸,,
1440,no entry,U+26D4,â›”,,
1441,prohibited,U+1F6AB,ğŸš«,,
1442,no bicycles,U+1F6B3,ğŸš³,,
1443,no smoking,U+1F6AD,ğŸš­,,
1444,no littering,U+1F6AF,ğŸš¯,,
1445,non-potable water,U+1F6B1,ğŸš±,,
1446,no pedestrians,U+1F6B7,ğŸš·,,
1447,no mobile phones,U+1F4F5,ğŸ“µ,,
1448,no one under eighteen,U+1F51E,ğŸ”,,
1449,radioactive,U+2622,â˜¢,,
1450,biohazard,U+2623,â˜£,,
arrow,,,,,
â„–,CLDR Short Name,Code,Browser,,
1451,up arrow,U+2B06,â¬†,,
1452,up-right arrow,U+2197,â†—,,
1453,right arrow,U+27A1,â¡,,
1454,down-right arrow,U+2198,â†˜,,
1455,down arrow,U+2B07,â¬‡,,
1456,down-left arrow,U+2199,â†™,,
1457,left arrow,U+2B05,â¬…,,
1458,up-left arrow,U+2196,â†–,,
1459,up-down arrow,U+2195,â†•,,
1460,left-right arrow,U+2194,â†”,,
1461,right arrow curving left,U+21A9,â†©,,
1462,left arrow curving right,U+21AA,â†ª,,
1463,right arrow curving up,U+2934,â¤´,,
1464,right arrow curving down,U+2935,â¤µ,,
1465,clockwise vertical arrows,U+1F503,ğŸ”ƒ,,
1466,counterclockwise arrows button,U+1F504,ğŸ”„,,
1467,BACK arrow,U+1F519,ğŸ”™,,
1468,END arrow,U+1F51A,ğŸ”š,,
1469,ON! arrow,U+1F51B,ğŸ”›,,
1470,SOON arrow,U+1F51C,ğŸ”œ,,
â„–,CLDR Short Name,Code,Browser,,
1471,TOP arrow,U+1F51D,ğŸ”,,
religion,,,,,
â„–,CLDR Short Name,Code,Browser,,
1472,place of worship,U+1F6D0,ğŸ›,,
1473,atom symbol,U+269B,âš›,,
1474,om,U+1F549,ğŸ•‰,,
1475,star of David,U+2721,âœ¡,,
1476,wheel of dharma,U+2638,â˜¸,,
1477,yin yang,U+262F,â˜¯,,
1478,latin cross,U+271D,âœ,,
1479,orthodox cross,U+2626,â˜¦,,
1480,star and crescent,U+262A,â˜ª,,
1481,peace symbol,U+262E,â˜®,,
1482,menorah,U+1F54E,ğŸ•,,
1483,dotted six-pointed star,U+1F52F,ğŸ”¯,,
1484,khanda,U+1FAAF,ğŸª¯,,
zodiac,,,,,
â„–,CLDR Short Name,Code,Browser,,
1485,Aries,U+2648,â™ˆ,,
1486,Taurus,U+2649,â™‰,,
1487,Gemini,U+264A,â™Š,,
1488,Cancer,U+264B,â™‹,,
1489,Leo,U+264C,â™Œ,,
1490,Virgo,U+264D,â™,,
1491,Libra,U+264E,â™,,
1492,Scorpio,U+264F,â™,,
1493,Sagittarius,U+2650,â™,,
1494,Capricorn,U+2651,â™‘,,
1495,Aquarius,U+2652,â™’,,
1496,Pisces,U+2653,â™“,,
1497,Ophiuchus,U+26CE,â›,,
av-symbol,,,,,
â„–,CLDR Short Name,Code,Browser,,
1498,shuffle tracks button,U+1F500,ğŸ”€,,
1499,repeat button,U+1F501,ğŸ”,,
1500,repeat single button,U+1F502,ğŸ”‚,,
1501,play button,U+25B6,â–¶,,
1502,fast-forward button,U+23E9,â©,,
1503,next track button,U+23ED,â­,,
1504,play or pause button,U+23EF,â¯,,
1505,reverse button,U+25C0,â—€,,
1506,fast reverse button,U+23EA,âª,,
1507,last track button,U+23EE,â®,,
1508,upwards button,U+1F53C,ğŸ”¼,,
1509,fast up button,U+23EB,â«,,
1510,downwards button,U+1F53D,ğŸ”½,,
1511,fast down button,U+23EC,â¬,,
1512,pause button,U+23F8,â¸,,
1513,stop button,U+23F9,â¹,,
1514,record button,U+23FA,âº,,
1515,eject button,U+23CF,â,,
1516,cinema,U+1F3A6,ğŸ¦,,
1517,dim button,U+1F505,ğŸ”…,,
â„–,CLDR Short Name,Code,Browser,,
1518,bright button,U+1F506,ğŸ”†,,
1519,antenna bars,U+1F4F6,ğŸ“¶,,
1520,wireless,U+1F6DC,ğŸ›œ,,
1521,vibration mode,U+1F4F3,ğŸ“³,,
1522,mobile phone off,U+1F4F4,ğŸ“´,,
gender,,,,,
â„–,CLDR Short Name,Code,Browser,,
1523,female sign,U+2640,â™€,,
1524,male sign,U+2642,â™‚,,
1525,transgender symbol,U+26A7,âš§,,
math,,,,,
â„–,CLDR Short Name,Code,Browser,,
1526,multiply,U+2716,âœ–,,
1527,plus,U+2795,â•,,
1528,minus,U+2796,â–,,
1529,divide,U+2797,â—,,
1530,heavy equals sign,U+1F7F0,ğŸŸ°,,
1531,infinity,U+267E,â™¾,,
punctuation,,,,,
â„–,CLDR Short Name,Code,Browser,,
1532,double exclamation mark,U+203C,â€¼,,
1533,exclamation question mark,U+2049,â‰,,
1534,red question mark,U+2753,â“,,
1535,white question mark,U+2754,â”,,
1536,white exclamation mark,U+2755,â•,,
1537,red exclamation mark,U+2757,â—,,
1538,wavy dash,U+3030,ã€°,,
currency,,,,,
â„–,CLDR Short Name,Code,Browser,,
1539,currency exchange,U+1F4B1,ğŸ’±,,
1540,heavy dollar sign,U+1F4B2,ğŸ’²,,
other-symbol,,,,,
â„–,CLDR Short Name,Code,Browser,,
1541,medical symbol,U+2695,âš•,,
1542,recycling symbol,U+267B,â™»,,
1543,fleur-de-lis,U+269C,âšœ,,
1544,trident emblem,U+1F531,ğŸ”±,,
1545,name badge,U+1F4DB,ğŸ“›,,
1546,Japanese symbol for beginner,U+1F530,ğŸ”°,,
1547,hollow red circle,U+2B55,â­•,,
1548,check mark button,U+2705,âœ…,,
1549,check box with check,U+2611,â˜‘,,
1550,check mark,U+2714,âœ”,,
1551,cross mark,U+274C,âŒ,,
1552,cross mark button,U+274E,â,,
1553,curly loop,U+27B0,â°,,
1554,double curly loop,U+27BF,â¿,,
1555,part alternation mark,U+303D,ã€½,,
1556,eight-spoked asterisk,U+2733,âœ³,,
1557,eight-pointed star,U+2734,âœ´,,
1558,sparkle,U+2747,â‡,,
1559,copyright,U+00A9,Â©,,
1560,registered,U+00AE,Â®,,
â„–,CLDR Short Name,Code,Browser,,
1561,trade mark,U+2122,â„¢,,
1562,splatter,U+1FADF,ğŸ«Ÿ,,
keycap,,,,,
â„–,CLDR Short Name,Code,Browser,,
1563,keycap: #,U+0023 U+FE0F U+20E3,#ï¸âƒ£,,
1564,keycap: *,U+002A U+FE0F U+20E3,*ï¸âƒ£,,
1565,keycap: 0,U+0030 U+FE0F U+20E3,0ï¸âƒ£,,
1566,keycap: 1,U+0031 U+FE0F U+20E3,1ï¸âƒ£,,
1567,keycap: 2,U+0032 U+FE0F U+20E3,2ï¸âƒ£,,
1568,keycap: 3,U+0033 U+FE0F U+20E3,3ï¸âƒ£,,
1569,keycap: 4,U+0034 U+FE0F U+20E3,4ï¸âƒ£,,
1570,keycap: 5,U+0035 U+FE0F U+20E3,5ï¸âƒ£,,
1571,keycap: 6,U+0036 U+FE0F U+20E3,6ï¸âƒ£,,
1572,keycap: 7,U+0037 U+FE0F U+20E3,7ï¸âƒ£,,
1573,keycap: 8,U+0038 U+FE0F U+20E3,8ï¸âƒ£,,
1574,keycap: 9,U+0039 U+FE0F U+20E3,9ï¸âƒ£,,
1575,keycap: 10,U+1F51F,ğŸ”Ÿ,,
alphanum,,,,,
â„–,CLDR Short Name,Code,Browser,,
1576,input latin uppercase,U+1F520,ğŸ” ,,
1577,input latin lowercase,U+1F521,ğŸ”¡,,
1578,input numbers,U+1F522,ğŸ”¢,,
1579,input symbols,U+1F523,ğŸ”£,,
1580,input latin letters,U+1F524,ğŸ”¤,,
1581,A button (blood type),U+1F170,ğŸ…°,,
1582,AB button (blood type),U+1F18E,ğŸ†,,
1583,B button (blood type),U+1F171,ğŸ…±,,
1584,CL button,U+1F191,ğŸ†‘,,
1585,COOL button,U+1F192,ğŸ†’,,
1586,FREE button,U+1F193,ğŸ†“,,
1587,information,U+2139,â„¹,,
1588,ID button,U+1F194,ğŸ†”,,
1589,circled M,U+24C2,â“‚,,
1590,NEW button,U+1F195,ğŸ†•,,
1591,NG button,U+1F196,ğŸ†–,,
1592,O button (blood type),U+1F17E,ğŸ…¾,,
1593,OK button,U+1F197,ğŸ†—,,
1594,P button,U+1F17F,ğŸ…¿,,
1595,SOS button,U+1F198,ğŸ†˜,,
â„–,CLDR Short Name,Code,Browser,,
1596,UP! button,U+1F199,ğŸ†™,,
1597,VS button,U+1F19A,ğŸ†š,,
1598,Japanese â€œhereâ€ button,U+1F201,ğŸˆ,,
1599,Japanese â€œservice chargeâ€ button,U+1F202,ğŸˆ‚,,
1600,Japanese â€œmonthly amountâ€ button,U+1F237,ğŸˆ·,,
1601,Japanese â€œnot free of chargeâ€ button,U+1F236,ğŸˆ¶,,
1602,Japanese â€œreservedâ€ button,U+1F22F,ğŸˆ¯,,
1603,Japanese â€œbargainâ€ button,U+1F250,ğŸ‰,,
1604,Japanese â€œdiscountâ€ button,U+1F239,ğŸˆ¹,,
1605,Japanese â€œfree of chargeâ€ button,U+1F21A,ğŸˆš,,
1606,Japanese â€œprohibitedâ€ button,U+1F232,ğŸˆ²,,
1607,Japanese â€œacceptableâ€ button,U+1F251,ğŸ‰‘,,
1608,Japanese â€œapplicationâ€ button,U+1F238,ğŸˆ¸,,
1609,Japanese â€œpassing gradeâ€ button,U+1F234,ğŸˆ´,,
1610,Japanese â€œvacancyâ€ button,U+1F233,ğŸˆ³,,
1611,Japanese â€œcongratulationsâ€ button,U+3297,ãŠ—,,
1612,Japanese â€œsecretâ€ button,U+3299,ãŠ™,,
1613,Japanese â€œopen for businessâ€ button,U+1F23A,ğŸˆº,,
1614,Japanese â€œno vacancyâ€ button,U+1F235,ğŸˆµ,,
geometric,,,,,
â„–,CLDR Short Name,Code,Browser,,
1615,red circle,U+1F534,ğŸ”´,,
1616,orange circle,U+1F7E0,ğŸŸ ,,
1617,yellow circle,U+1F7E1,ğŸŸ¡,,
1618,green circle,U+1F7E2,ğŸŸ¢,,
1619,blue circle,U+1F535,ğŸ”µ,,
1620,purple circle,U+1F7E3,ğŸŸ£,,
1621,brown circle,U+1F7E4,ğŸŸ¤,,
1622,black circle,U+26AB,âš«,,
1623,white circle,U+26AA,âšª,,
1624,red square,U+1F7E5,ğŸŸ¥,,
1625,orange square,U+1F7E7,ğŸŸ§,,
1626,yellow square,U+1F7E8,ğŸŸ¨,,
1627,green square,U+1F7E9,ğŸŸ©,,
1628,blue square,U+1F7E6,ğŸŸ¦,,
1629,purple square,U+1F7EA,ğŸŸª,,
1630,brown square,U+1F7EB,ğŸŸ«,,
1631,black large square,U+2B1B,â¬›,,
1632,white large square,U+2B1C,â¬œ,,
1633,black medium square,U+25FC,â—¼,,
1634,white medium square,U+25FB,â—»,,
â„–,CLDR Short Name,Code,Browser,,
1635,black medium-small square,U+25FE,â—¾,,
1636,white medium-small square,U+25FD,â—½,,
1637,black small square,U+25AA,â–ª,,
1638,white small square,U+25AB,â–«,,
1639,large orange diamond,U+1F536,ğŸ”¶,,
1640,large blue diamond,U+1F537,ğŸ”·,,
1641,small orange diamond,U+1F538,ğŸ”¸,,
1642,small blue diamond,U+1F539,ğŸ”¹,,
1643,red triangle pointed up,U+1F53A,ğŸ”º,,
1644,red triangle pointed down,U+1F53B,ğŸ”»,,
1645,diamond with a dot,U+1F4A0,ğŸ’ ,,
1646,radio button,U+1F518,ğŸ”˜,,
1647,white square button,U+1F533,ğŸ”³,,
1648,black square button,U+1F532,ğŸ”²,,
Flags,,,,,
flag,,,,,
â„–,CLDR Short Name,Code,Browser,,
1649,chequered flag,U+1F3C1,ğŸ,,
1650,triangular flag,U+1F6A9,ğŸš©,,
1651,crossed flags,U+1F38C,ğŸŒ,,
1652,black flag,U+1F3F4,ğŸ´,,
1653,white flag,U+1F3F3,ğŸ³,,
1654,rainbow flag,U+1F3F3 U+FE0F U+200D U+1F308,ğŸ³ï¸â€ğŸŒˆ,,
1655,transgender flag,U+1F3F3 U+FE0F U+200D U+26A7 U+FE0F,ğŸ³ï¸â€âš§ï¸,,
1656,pirate flag,U+1F3F4 U+200D U+2620 U+FE0F,ğŸ´â€â˜ ï¸,,
country-flag,,,,,
â„–,CLDR Short Name,Code,Browser,,
1657,flag: Ascension Island,U+1F1E6 U+1F1E8,ğŸ‡¦ğŸ‡¨,,
1658,flag: Andorra,U+1F1E6 U+1F1E9,ğŸ‡¦ğŸ‡©,,
1659,flag: United Arab Emirates,U+1F1E6 U+1F1EA,ğŸ‡¦ğŸ‡ª,,
1660,flag: Afghanistan,U+1F1E6 U+1F1EB,ğŸ‡¦ğŸ‡«,,
1661,flag: Antigua & Barbuda,U+1F1E6 U+1F1EC,ğŸ‡¦ğŸ‡¬,,
1662,flag: Anguilla,U+1F1E6 U+1F1EE,ğŸ‡¦ğŸ‡®,,
1663,flag: Albania,U+1F1E6 U+1F1F1,ğŸ‡¦ğŸ‡±,,
1664,flag: Armenia,U+1F1E6 U+1F1F2,ğŸ‡¦ğŸ‡²,,
1665,flag: Angola,U+1F1E6 U+1F1F4,ğŸ‡¦ğŸ‡´,,
1666,flag: Antarctica,U+1F1E6 U+1F1F6,ğŸ‡¦ğŸ‡¶,,
1667,flag: Argentina,U+1F1E6 U+1F1F7,ğŸ‡¦ğŸ‡·,,
1668,flag: American Samoa,U+1F1E6 U+1F1F8,ğŸ‡¦ğŸ‡¸,,
1669,flag: Austria,U+1F1E6 U+1F1F9,ğŸ‡¦ğŸ‡¹,,
1670,flag: Australia,U+1F1E6 U+1F1FA,ğŸ‡¦ğŸ‡º,,
1671,flag: Aruba,U+1F1E6 U+1F1FC,ğŸ‡¦ğŸ‡¼,,
1672,flag: Ã…land Islands,U+1F1E6 U+1F1FD,ğŸ‡¦ğŸ‡½,,
1673,flag: Azerbaijan,U+1F1E6 U+1F1FF,ğŸ‡¦ğŸ‡¿,,
1674,flag: Bosnia & Herzegovina,U+1F1E7 U+1F1E6,ğŸ‡§ğŸ‡¦,,
1675,flag: Barbados,U+1F1E7 U+1F1E7,ğŸ‡§ğŸ‡§,,
1676,flag: Bangladesh,U+1F1E7 U+1F1E9,ğŸ‡§ğŸ‡©,,
â„–,CLDR Short Name,Code,Browser,,
1677,flag: Belgium,U+1F1E7 U+1F1EA,ğŸ‡§ğŸ‡ª,,
1678,flag: Burkina Faso,U+1F1E7 U+1F1EB,ğŸ‡§ğŸ‡«,,
1679,flag: Bulgaria,U+1F1E7 U+1F1EC,ğŸ‡§ğŸ‡¬,,
1680,flag: Bahrain,U+1F1E7 U+1F1ED,ğŸ‡§ğŸ‡­,,
1681,flag: Burundi,U+1F1E7 U+1F1EE,ğŸ‡§ğŸ‡®,,
1682,flag: Benin,U+1F1E7 U+1F1EF,ğŸ‡§ğŸ‡¯,,
1683,flag: St. BarthÃ©lemy,U+1F1E7 U+1F1F1,ğŸ‡§ğŸ‡±,,
1684,flag: Bermuda,U+1F1E7 U+1F1F2,ğŸ‡§ğŸ‡²,,
1685,flag: Brunei,U+1F1E7 U+1F1F3,ğŸ‡§ğŸ‡³,,
1686,flag: Bolivia,U+1F1E7 U+1F1F4,ğŸ‡§ğŸ‡´,,
1687,flag: Caribbean Netherlands,U+1F1E7 U+1F1F6,ğŸ‡§ğŸ‡¶,,
1688,flag: Brazil,U+1F1E7 U+1F1F7,ğŸ‡§ğŸ‡·,,
1689,flag: Bahamas,U+1F1E7 U+1F1F8,ğŸ‡§ğŸ‡¸,,
1690,flag: Bhutan,U+1F1E7 U+1F1F9,ğŸ‡§ğŸ‡¹,,
1691,flag: Bouvet Island,U+1F1E7 U+1F1FB,ğŸ‡§ğŸ‡»,,
1692,flag: Botswana,U+1F1E7 U+1F1FC,ğŸ‡§ğŸ‡¼,,
1693,flag: Belarus,U+1F1E7 U+1F1FE,ğŸ‡§ğŸ‡¾,,
1694,flag: Belize,U+1F1E7 U+1F1FF,ğŸ‡§ğŸ‡¿,,
1695,flag: Canada,U+1F1E8 U+1F1E6,ğŸ‡¨ğŸ‡¦,,
1696,flag: Cocos (Keeling) Islands,U+1F1E8 U+1F1E8,ğŸ‡¨ğŸ‡¨,,
â„–,CLDR Short Name,Code,Browser,,
1697,flag: Congo - Kinshasa,U+1F1E8 U+1F1E9,ğŸ‡¨ğŸ‡©,,
1698,flag: Central African Republic,U+1F1E8 U+1F1EB,ğŸ‡¨ğŸ‡«,,
1699,flag: Congo - Brazzaville,U+1F1E8 U+1F1EC,ğŸ‡¨ğŸ‡¬,,
1700,flag: Switzerland,U+1F1E8 U+1F1ED,ğŸ‡¨ğŸ‡­,,
1701,flag: CÃ´te dâ€™Ivoire,U+1F1E8 U+1F1EE,ğŸ‡¨ğŸ‡®,,
1702,flag: Cook Islands,U+1F1E8 U+1F1F0,ğŸ‡¨ğŸ‡°,,
1703,flag: Chile,U+1F1E8 U+1F1F1,ğŸ‡¨ğŸ‡±,,
1704,flag: Cameroon,U+1F1E8 U+1F1F2,ğŸ‡¨ğŸ‡²,,
1705,flag: China,U+1F1E8 U+1F1F3,ğŸ‡¨ğŸ‡³,,
1706,flag: Colombia,U+1F1E8 U+1F1F4,ğŸ‡¨ğŸ‡´,,
1707,flag: Clipperton Island,U+1F1E8 U+1F1F5,ğŸ‡¨ğŸ‡µ,,
1708,flag: Sark,U+1F1E8 U+1F1F6,ğŸ‡¨ğŸ‡¶,,
1709,flag: Costa Rica,U+1F1E8 U+1F1F7,ğŸ‡¨ğŸ‡·,,
1710,flag: Cuba,U+1F1E8 U+1F1FA,ğŸ‡¨ğŸ‡º,,
1711,flag: Cape Verde,U+1F1E8 U+1F1FB,ğŸ‡¨ğŸ‡»,,
1712,flag: CuraÃ§ao,U+1F1E8 U+1F1FC,ğŸ‡¨ğŸ‡¼,,
1713,flag: Christmas Island,U+1F1E8 U+1F1FD,ğŸ‡¨ğŸ‡½,,
1714,flag: Cyprus,U+1F1E8 U+1F1FE,ğŸ‡¨ğŸ‡¾,,
1715,flag: Czechia,U+1F1E8 U+1F1FF,ğŸ‡¨ğŸ‡¿,,
1716,flag: Germany,U+1F1E9 U+1F1EA,ğŸ‡©ğŸ‡ª,,
â„–,CLDR Short Name,Code,Browser,,
1717,flag: Diego Garcia,U+1F1E9 U+1F1EC,ğŸ‡©ğŸ‡¬,,
1718,flag: Djibouti,U+1F1E9 U+1F1EF,ğŸ‡©ğŸ‡¯,,
1719,flag: Denmark,U+1F1E9 U+1F1F0,ğŸ‡©ğŸ‡°,,
1720,flag: Dominica,U+1F1E9 U+1F1F2,ğŸ‡©ğŸ‡²,,
1721,flag: Dominican Republic,U+1F1E9 U+1F1F4,ğŸ‡©ğŸ‡´,,
1722,flag: Algeria,U+1F1E9 U+1F1FF,ğŸ‡©ğŸ‡¿,,
1723,flag: Ceuta & Melilla,U+1F1EA U+1F1E6,ğŸ‡ªğŸ‡¦,,
1724,flag: Ecuador,U+1F1EA U+1F1E8,ğŸ‡ªğŸ‡¨,,
1725,flag: Estonia,U+1F1EA U+1F1EA,ğŸ‡ªğŸ‡ª,,
1726,flag: Egypt,U+1F1EA U+1F1EC,ğŸ‡ªğŸ‡¬,,
1727,flag: Western Sahara,U+1F1EA U+1F1ED,ğŸ‡ªğŸ‡­,,
1728,flag: Eritrea,U+1F1EA U+1F1F7,ğŸ‡ªğŸ‡·,,
1729,flag: Spain,U+1F1EA U+1F1F8,ğŸ‡ªğŸ‡¸,,
1730,flag: Ethiopia,U+1F1EA U+1F1F9,ğŸ‡ªğŸ‡¹,,
1731,flag: European Union,U+1F1EA U+1F1FA,ğŸ‡ªğŸ‡º,,
1732,flag: Finland,U+1F1EB U+1F1EE,ğŸ‡«ğŸ‡®,,
1733,flag: Fiji,U+1F1EB U+1F1EF,ğŸ‡«ğŸ‡¯,,
1734,flag: Falkland Islands,U+1F1EB U+1F1F0,ğŸ‡«ğŸ‡°,,
1735,flag: Micronesia,U+1F1EB U+1F1F2,ğŸ‡«ğŸ‡²,,
1736,flag: Faroe Islands,U+1F1EB U+1F1F4,ğŸ‡«ğŸ‡´,,
â„–,CLDR Short Name,Code,Browser,,
1737,flag: France,U+1F1EB U+1F1F7,ğŸ‡«ğŸ‡·,,
1738,flag: Gabon,U+1F1EC U+1F1E6,ğŸ‡¬ğŸ‡¦,,
1739,flag: United Kingdom,U+1F1EC U+1F1E7,ğŸ‡¬ğŸ‡§,,
1740,flag: Grenada,U+1F1EC U+1F1E9,ğŸ‡¬ğŸ‡©,,
1741,flag: Georgia,U+1F1EC U+1F1EA,ğŸ‡¬ğŸ‡ª,,
1742,flag: French Guiana,U+1F1EC U+1F1EB,ğŸ‡¬ğŸ‡«,,
1743,flag: Guernsey,U+1F1EC U+1F1EC,ğŸ‡¬ğŸ‡¬,,
1744,flag: Ghana,U+1F1EC U+1F1ED,ğŸ‡¬ğŸ‡­,,
1745,flag: Gibraltar,U+1F1EC U+1F1EE,ğŸ‡¬ğŸ‡®,,
1746,flag: Greenland,U+1F1EC U+1F1F1,ğŸ‡¬ğŸ‡±,,
1747,flag: Gambia,U+1F1EC U+1F1F2,ğŸ‡¬ğŸ‡²,,
1748,flag: Guinea,U+1F1EC U+1F1F3,ğŸ‡¬ğŸ‡³,,
1749,flag: Guadeloupe,U+1F1EC U+1F1F5,ğŸ‡¬ğŸ‡µ,,
1750,flag: Equatorial Guinea,U+1F1EC U+1F1F6,ğŸ‡¬ğŸ‡¶,,
1751,flag: Greece,U+1F1EC U+1F1F7,ğŸ‡¬ğŸ‡·,,
1752,flag: South Georgia & South Sandwich Islands,U+1F1EC U+1F1F8,ğŸ‡¬ğŸ‡¸,,
1753,flag: Guatemala,U+1F1EC U+1F1F9,ğŸ‡¬ğŸ‡¹,,
1754,flag: Guam,U+1F1EC U+1F1FA,ğŸ‡¬ğŸ‡º,,
1755,flag: Guinea-Bissau,U+1F1EC U+1F1FC,ğŸ‡¬ğŸ‡¼,,
1756,flag: Guyana,U+1F1EC U+1F1FE,ğŸ‡¬ğŸ‡¾,,
â„–,CLDR Short Name,Code,Browser,,
1757,flag: Hong Kong SAR China,U+1F1ED U+1F1F0,ğŸ‡­ğŸ‡°,,
1758,flag: Heard & McDonald Islands,U+1F1ED U+1F1F2,ğŸ‡­ğŸ‡²,,
1759,flag: Honduras,U+1F1ED U+1F1F3,ğŸ‡­ğŸ‡³,,
1760,flag: Croatia,U+1F1ED U+1F1F7,ğŸ‡­ğŸ‡·,,
1761,flag: Haiti,U+1F1ED U+1F1F9,ğŸ‡­ğŸ‡¹,,
1762,flag: Hungary,U+1F1ED U+1F1FA,ğŸ‡­ğŸ‡º,,
1763,flag: Canary Islands,U+1F1EE U+1F1E8,ğŸ‡®ğŸ‡¨,,
1764,flag: Indonesia,U+1F1EE U+1F1E9,ğŸ‡®ğŸ‡©,,
1765,flag: Ireland,U+1F1EE U+1F1EA,ğŸ‡®ğŸ‡ª,,
1766,flag: Israel,U+1F1EE U+1F1F1,ğŸ‡®ğŸ‡±,,
1767,flag: Isle of Man,U+1F1EE U+1F1F2,ğŸ‡®ğŸ‡²,,
1768,flag: India,U+1F1EE U+1F1F3,ğŸ‡®ğŸ‡³,,
1769,flag: British Indian Ocean Territory,U+1F1EE U+1F1F4,ğŸ‡®ğŸ‡´,,
1770,flag: Iraq,U+1F1EE U+1F1F6,ğŸ‡®ğŸ‡¶,,
1771,flag: Iran,U+1F1EE U+1F1F7,ğŸ‡®ğŸ‡·,,
1772,flag: Iceland,U+1F1EE U+1F1F8,ğŸ‡®ğŸ‡¸,,
1773,flag: Italy,U+1F1EE U+1F1F9,ğŸ‡®ğŸ‡¹,,
1774,flag: Jersey,U+1F1EF U+1F1EA,ğŸ‡¯ğŸ‡ª,,
1775,flag: Jamaica,U+1F1EF U+1F1F2,ğŸ‡¯ğŸ‡²,,
1776,flag: Jordan,U+1F1EF U+1F1F4,ğŸ‡¯ğŸ‡´,,
â„–,CLDR Short Name,Code,Browser,,
1777,flag: Japan,U+1F1EF U+1F1F5,ğŸ‡¯ğŸ‡µ,,
1778,flag: Kenya,U+1F1F0 U+1F1EA,ğŸ‡°ğŸ‡ª,,
1779,flag: Kyrgyzstan,U+1F1F0 U+1F1EC,ğŸ‡°ğŸ‡¬,,
1780,flag: Cambodia,U+1F1F0 U+1F1ED,ğŸ‡°ğŸ‡­,,
1781,flag: Kiribati,U+1F1F0 U+1F1EE,ğŸ‡°ğŸ‡®,,
1782,flag: Comoros,U+1F1F0 U+1F1F2,ğŸ‡°ğŸ‡²,,
1783,flag: St. Kitts & Nevis,U+1F1F0 U+1F1F3,ğŸ‡°ğŸ‡³,,
1784,flag: North Korea,U+1F1F0 U+1F1F5,ğŸ‡°ğŸ‡µ,,
1785,flag: South Korea,U+1F1F0 U+1F1F7,ğŸ‡°ğŸ‡·,,
1786,flag: Kuwait,U+1F1F0 U+1F1FC,ğŸ‡°ğŸ‡¼,,
1787,flag: Cayman Islands,U+1F1F0 U+1F1FE,ğŸ‡°ğŸ‡¾,,
1788,flag: Kazakhstan,U+1F1F0 U+1F1FF,ğŸ‡°ğŸ‡¿,,
1789,flag: Laos,U+1F1F1 U+1F1E6,ğŸ‡±ğŸ‡¦,,
1790,flag: Lebanon,U+1F1F1 U+1F1E7,ğŸ‡±ğŸ‡§,,
1791,flag: St. Lucia,U+1F1F1 U+1F1E8,ğŸ‡±ğŸ‡¨,,
1792,flag: Liechtenstein,U+1F1F1 U+1F1EE,ğŸ‡±ğŸ‡®,,
1793,flag: Sri Lanka,U+1F1F1 U+1F1F0,ğŸ‡±ğŸ‡°,,
1794,flag: Liberia,U+1F1F1 U+1F1F7,ğŸ‡±ğŸ‡·,,
1795,flag: Lesotho,U+1F1F1 U+1F1F8,ğŸ‡±ğŸ‡¸,,
1796,flag: Lithuania,U+1F1F1 U+1F1F9,ğŸ‡±ğŸ‡¹,,
â„–,CLDR Short Name,Code,Browser,,
1797,flag: Luxembourg,U+1F1F1 U+1F1FA,ğŸ‡±ğŸ‡º,,
1798,flag: Latvia,U+1F1F1 U+1F1FB,ğŸ‡±ğŸ‡»,,
1799,flag: Libya,U+1F1F1 U+1F1FE,ğŸ‡±ğŸ‡¾,,
1800,flag: Morocco,U+1F1F2 U+1F1E6,ğŸ‡²ğŸ‡¦,,
1801,flag: Monaco,U+1F1F2 U+1F1E8,ğŸ‡²ğŸ‡¨,,
1802,flag: Moldova,U+1F1F2 U+1F1E9,ğŸ‡²ğŸ‡©,,
1803,flag: Montenegro,U+1F1F2 U+1F1EA,ğŸ‡²ğŸ‡ª,,
1804,flag: St. Martin,U+1F1F2 U+1F1EB,ğŸ‡²ğŸ‡«,,
1805,flag: Madagascar,U+1F1F2 U+1F1EC,ğŸ‡²ğŸ‡¬,,
1806,flag: Marshall Islands,U+1F1F2 U+1F1ED,ğŸ‡²ğŸ‡­,,
1807,flag: North Macedonia,U+1F1F2 U+1F1F0,ğŸ‡²ğŸ‡°,,
1808,flag: Mali,U+1F1F2 U+1F1F1,ğŸ‡²ğŸ‡±,,
1809,flag: Myanmar (Burma),U+1F1F2 U+1F1F2,ğŸ‡²ğŸ‡²,,
1810,flag: Mongolia,U+1F1F2 U+1F1F3,ğŸ‡²ğŸ‡³,,
1811,flag: Macao SAR China,U+1F1F2 U+1F1F4,ğŸ‡²ğŸ‡´,,
1812,flag: Northern Mariana Islands,U+1F1F2 U+1F1F5,ğŸ‡²ğŸ‡µ,,
1813,flag: Martinique,U+1F1F2 U+1F1F6,ğŸ‡²ğŸ‡¶,,
1814,flag: Mauritania,U+1F1F2 U+1F1F7,ğŸ‡²ğŸ‡·,,
1815,flag: Montserrat,U+1F1F2 U+1F1F8,ğŸ‡²ğŸ‡¸,,
1816,flag: Malta,U+1F1F2 U+1F1F9,ğŸ‡²ğŸ‡¹,,
â„–,CLDR Short Name,Code,Browser,,
1817,flag: Mauritius,U+1F1F2 U+1F1FA,ğŸ‡²ğŸ‡º,,
1818,flag: Maldives,U+1F1F2 U+1F1FB,ğŸ‡²ğŸ‡»,,
1819,flag: Malawi,U+1F1F2 U+1F1FC,ğŸ‡²ğŸ‡¼,,
1820,flag: Mexico,U+1F1F2 U+1F1FD,ğŸ‡²ğŸ‡½,,
1821,flag: Malaysia,U+1F1F2 U+1F1FE,ğŸ‡²ğŸ‡¾,,
1822,flag: Mozambique,U+1F1F2 U+1F1FF,ğŸ‡²ğŸ‡¿,,
1823,flag: Namibia,U+1F1F3 U+1F1E6,ğŸ‡³ğŸ‡¦,,
1824,flag: New Caledonia,U+1F1F3 U+1F1E8,ğŸ‡³ğŸ‡¨,,
1825,flag: Niger,U+1F1F3 U+1F1EA,ğŸ‡³ğŸ‡ª,,
1826,flag: Norfolk Island,U+1F1F3 U+1F1EB,ğŸ‡³ğŸ‡«,,
1827,flag: Nigeria,U+1F1F3 U+1F1EC,ğŸ‡³ğŸ‡¬,,
1828,flag: Nicaragua,U+1F1F3 U+1F1EE,ğŸ‡³ğŸ‡®,,
1829,flag: Netherlands,U+1F1F3 U+1F1F1,ğŸ‡³ğŸ‡±,,
1830,flag: Norway,U+1F1F3 U+1F1F4,ğŸ‡³ğŸ‡´,,
1831,flag: Nepal,U+1F1F3 U+1F1F5,ğŸ‡³ğŸ‡µ,,
1832,flag: Nauru,U+1F1F3 U+1F1F7,ğŸ‡³ğŸ‡·,,
1833,flag: Niue,U+1F1F3 U+1F1FA,ğŸ‡³ğŸ‡º,,
1834,flag: New Zealand,U+1F1F3 U+1F1FF,ğŸ‡³ğŸ‡¿,,
1835,flag: Oman,U+1F1F4 U+1F1F2,ğŸ‡´ğŸ‡²,,
1836,flag: Panama,U+1F1F5 U+1F1E6,ğŸ‡µğŸ‡¦,,
â„–,CLDR Short Name,Code,Browser,,
1837,flag: Peru,U+1F1F5 U+1F1EA,ğŸ‡µğŸ‡ª,,
1838,flag: French Polynesia,U+1F1F5 U+1F1EB,ğŸ‡µğŸ‡«,,
1839,flag: Papua New Guinea,U+1F1F5 U+1F1EC,ğŸ‡µğŸ‡¬,,
1840,flag: Philippines,U+1F1F5 U+1F1ED,ğŸ‡µğŸ‡­,,
1841,flag: Pakistan,U+1F1F5 U+1F1F0,ğŸ‡µğŸ‡°,,
1842,flag: Poland,U+1F1F5 U+1F1F1,ğŸ‡µğŸ‡±,,
1843,flag: St. Pierre & Miquelon,U+1F1F5 U+1F1F2,ğŸ‡µğŸ‡²,,
1844,flag: Pitcairn Islands,U+1F1F5 U+1F1F3,ğŸ‡µğŸ‡³,,
1845,flag: Puerto Rico,U+1F1F5 U+1F1F7,ğŸ‡µğŸ‡·,,
1846,flag: Palestinian Territories,U+1F1F5 U+1F1F8,ğŸ‡µğŸ‡¸,,
1847,flag: Portugal,U+1F1F5 U+1F1F9,ğŸ‡µğŸ‡¹,,
1848,flag: Palau,U+1F1F5 U+1F1FC,ğŸ‡µğŸ‡¼,,
1849,flag: Paraguay,U+1F1F5 U+1F1FE,ğŸ‡µğŸ‡¾,,
1850,flag: Qatar,U+1F1F6 U+1F1E6,ğŸ‡¶ğŸ‡¦,,
1851,flag: RÃ©union,U+1F1F7 U+1F1EA,ğŸ‡·ğŸ‡ª,,
1852,flag: Romania,U+1F1F7 U+1F1F4,ğŸ‡·ğŸ‡´,,
1853,flag: Serbia,U+1F1F7 U+1F1F8,ğŸ‡·ğŸ‡¸,,
1854,flag: Russia,U+1F1F7 U+1F1FA,ğŸ‡·ğŸ‡º,,
1855,flag: Rwanda,U+1F1F7 U+1F1FC,ğŸ‡·ğŸ‡¼,,
1856,flag: Saudi Arabia,U+1F1F8 U+1F1E6,ğŸ‡¸ğŸ‡¦,,
â„–,CLDR Short Name,Code,Browser,,
1857,flag: Solomon Islands,U+1F1F8 U+1F1E7,ğŸ‡¸ğŸ‡§,,
1858,flag: Seychelles,U+1F1F8 U+1F1E8,ğŸ‡¸ğŸ‡¨,,
1859,flag: Sudan,U+1F1F8 U+1F1E9,ğŸ‡¸ğŸ‡©,,
1860,flag: Sweden,U+1F1F8 U+1F1EA,ğŸ‡¸ğŸ‡ª,,
1861,flag: Singapore,U+1F1F8 U+1F1EC,ğŸ‡¸ğŸ‡¬,,
1862,flag: St. Helena,U+1F1F8 U+1F1ED,ğŸ‡¸ğŸ‡­,,
1863,flag: Slovenia,U+1F1F8 U+1F1EE,ğŸ‡¸ğŸ‡®,,
1864,flag: Svalbard & Jan Mayen,U+1F1F8 U+1F1EF,ğŸ‡¸ğŸ‡¯,,
1865,flag: Slovakia,U+1F1F8 U+1F1F0,ğŸ‡¸ğŸ‡°,,
1866,flag: Sierra Leone,U+1F1F8 U+1F1F1,ğŸ‡¸ğŸ‡±,,
1867,flag: San Marino,U+1F1F8 U+1F1F2,ğŸ‡¸ğŸ‡²,,
1868,flag: Senegal,U+1F1F8 U+1F1F3,ğŸ‡¸ğŸ‡³,,
1869,flag: Somalia,U+1F1F8 U+1F1F4,ğŸ‡¸ğŸ‡´,,
1870,flag: Suriname,U+1F1F8 U+1F1F7,ğŸ‡¸ğŸ‡·,,
1871,flag: South Sudan,U+1F1F8 U+1F1F8,ğŸ‡¸ğŸ‡¸,,
1872,flag: SÃ£o TomÃ© & PrÃ­ncipe,U+1F1F8 U+1F1F9,ğŸ‡¸ğŸ‡¹,,
1873,flag: El Salvador,U+1F1F8 U+1F1FB,ğŸ‡¸ğŸ‡»,,
1874,flag: Sint Maarten,U+1F1F8 U+1F1FD,ğŸ‡¸ğŸ‡½,,
1875,flag: Syria,U+1F1F8 U+1F1FE,ğŸ‡¸ğŸ‡¾,,
1876,flag: Eswatini,U+1F1F8 U+1F1FF,ğŸ‡¸ğŸ‡¿,,
â„–,CLDR Short Name,Code,Browser,,
1877,flag: Tristan da Cunha,U+1F1F9 U+1F1E6,ğŸ‡¹ğŸ‡¦,,
1878,flag: Turks & Caicos Islands,U+1F1F9 U+1F1E8,ğŸ‡¹ğŸ‡¨,,
1879,flag: Chad,U+1F1F9 U+1F1E9,ğŸ‡¹ğŸ‡©,,
1880,flag: French Southern Territories,U+1F1F9 U+1F1EB,ğŸ‡¹ğŸ‡«,,
1881,flag: Togo,U+1F1F9 U+1F1EC,ğŸ‡¹ğŸ‡¬,,
1882,flag: Thailand,U+1F1F9 U+1F1ED,ğŸ‡¹ğŸ‡­,,
1883,flag: Tajikistan,U+1F1F9 U+1F1EF,ğŸ‡¹ğŸ‡¯,,
1884,flag: Tokelau,U+1F1F9 U+1F1F0,ğŸ‡¹ğŸ‡°,,
1885,flag: Timor-Leste,U+1F1F9 U+1F1F1,ğŸ‡¹ğŸ‡±,,
1886,flag: Turkmenistan,U+1F1F9 U+1F1F2,ğŸ‡¹ğŸ‡²,,
1887,flag: Tunisia,U+1F1F9 U+1F1F3,ğŸ‡¹ğŸ‡³,,
1888,flag: Tonga,U+1F1F9 U+1F1F4,ğŸ‡¹ğŸ‡´,,
1889,flag: TÃ¼rkiye,U+1F1F9 U+1F1F7,ğŸ‡¹ğŸ‡·,,
1890,flag: Trinidad & Tobago,U+1F1F9 U+1F1F9,ğŸ‡¹ğŸ‡¹,,
1891,flag: Tuvalu,U+1F1F9 U+1F1FB,ğŸ‡¹ğŸ‡»,,
1892,flag: Taiwan,U+1F1F9 U+1F1FC,ğŸ‡¹ğŸ‡¼,,
1893,flag: Tanzania,U+1F1F9 U+1F1FF,ğŸ‡¹ğŸ‡¿,,
1894,flag: Ukraine,U+1F1FA U+1F1E6,ğŸ‡ºğŸ‡¦,,
1895,flag: Uganda,U+1F1FA U+1F1EC,ğŸ‡ºğŸ‡¬,,
1896,flag: U.S. Outlying Islands,U+1F1FA U+1F1F2,ğŸ‡ºğŸ‡²,,
â„–,CLDR Short Name,Code,Browser,,
1897,flag: United Nations,U+1F1FA U+1F1F3,ğŸ‡ºğŸ‡³,,
1898,flag: United States,U+1F1FA U+1F1F8,ğŸ‡ºğŸ‡¸,,
1899,flag: Uruguay,U+1F1FA U+1F1FE,ğŸ‡ºğŸ‡¾,,
1900,flag: Uzbekistan,U+1F1FA U+1F1FF,ğŸ‡ºğŸ‡¿,,
1901,flag: Vatican City,U+1F1FB U+1F1E6,ğŸ‡»ğŸ‡¦,,
1902,flag: St. Vincent & Grenadines,U+1F1FB U+1F1E8,ğŸ‡»ğŸ‡¨,,
1903,flag: Venezuela,U+1F1FB U+1F1EA,ğŸ‡»ğŸ‡ª,,
1904,flag: British Virgin Islands,U+1F1FB U+1F1EC,ğŸ‡»ğŸ‡¬,,
1905,flag: U.S. Virgin Islands,U+1F1FB U+1F1EE,ğŸ‡»ğŸ‡®,,
1906,flag: Vietnam,U+1F1FB U+1F1F3,ğŸ‡»ğŸ‡³,,
1907,flag: Vanuatu,U+1F1FB U+1F1FA,ğŸ‡»ğŸ‡º,,
1908,flag: Wallis & Futuna,U+1F1FC U+1F1EB,ğŸ‡¼ğŸ‡«,,
1909,flag: Samoa,U+1F1FC U+1F1F8,ğŸ‡¼ğŸ‡¸,,
1910,flag: Kosovo,U+1F1FD U+1F1F0,ğŸ‡½ğŸ‡°,,
1911,flag: Yemen,U+1F1FE U+1F1EA,ğŸ‡¾ğŸ‡ª,,
1912,flag: Mayotte,U+1F1FE U+1F1F9,ğŸ‡¾ğŸ‡¹,,
1913,flag: South Africa,U+1F1FF U+1F1E6,ğŸ‡¿ğŸ‡¦,,
1914,flag: Zambia,U+1F1FF U+1F1F2,ğŸ‡¿ğŸ‡²,,
1915,flag: Zimbabwe,U+1F1FF U+1F1FC,ğŸ‡¿ğŸ‡¼,,
subdivision-flag,,,,,
â„–,CLDR Short Name,Code,Browser,,
1916,flag: England,U+1F3F4 U+E0067 U+E0062 U+E0065 U+E006E U+E0067 U+E007F,ğŸ´ó §ó ¢ó ¥ó ®ó §ó ¿,,
1917,flag: Scotland,U+1F3F4 U+E0067 U+E0062 U+E0073 U+E0063 U+E0074 U+E007F,ğŸ´ó §ó ¢ó ³ó £ó ´ó ¿,,
1918,flag: Wales,U+1F3F4 U+E0067 U+E0062 U+E0077 U+E006C U+E0073 U+E007F,ğŸ´ó §ó ¢ó ·ó ¬ó ³ó ¿,,